latitude,longitude,address,crime_type,month,year,day,hour,minute,risk_percentage
12.83421064094879,80.03940879821491,Thiruvanchery Rd,Theft,06,2020,13,15,31,35.05362761967342
12.83068880512836,80.04356276612334,Potheri Main Rd,Sexual assault,05,2022,24,13,40,96.04205557641927
12.833666314084333,80.0349677810414,GST Rd,Drug-related,05,2021,17,20,54,46.44993995964243
12.837875007986394,80.0458820728125,SRM Main Rd,Assault,11,2022,22,2,42,79.54612023334094
12.82210360895888,80.03235061270645,SRM Main Rd,Sexual assault,01,2022,3,12,40,20.094490029378864
12.832958754671925,80.03686651538015,Potheri Main Rd,Assault,01,2020,23,19,34,68.01587217617399
12.822441633957117,80.05079702960575,Chengalpattu-Thiruporur Rd,Assault,12,2021,6,13,20,17.243710478346074
12.837781662962216,80.03751636156045,Chengalpattu-Thiruporur Rd,Robbery,01,2020,15,8,9,88.80276531228144
12.831747594153581,80.03252848871725,Chengalpattu-Thiruporur Rd,Assault,06,2021,11,8,10,70.9620068682784
12.82686948004009,80.04989345351042,Chengalpattu-Thiruporur Rd,Drug-related,02,2021,23,4,53,30.169419623062343
12.825780777017327,80.03873942087293,Potheri Main Rd,Theft,03,2021,27,23,49,78.93195070670859
12.833486309009382,80.03766562082944,GST Rd,Drug-related,07,2020,11,16,4,75.92231577466364
12.829378571530007,80.0353280085576,Thiruvanchery Rd,Robbery,12,2021,28,13,20,86.0071024393347
12.836638962201553,80.04150900035911,Thiruvanchery Rd,Sexual assault,08,2021,2,21,34,44.555491801254
12.835337658070934,80.0476397438948,Potheri Main Rd,Assault,02,2021,19,8,4,99.57925630076781
12.828289477904974,80.04943627003254,SRM Main Rd,Assault,12,2020,25,1,8,92.5734366832812
12.832795083359434,80.04058221575171,Thiruvanchery Rd,Vandalism,03,2022,3,16,47,56.98161980570312
12.822615067113304,80.04782258235316,SRM Main Rd,Robbery,02,2020,27,21,17,0.8791895343574052
12.835687482188138,80.04471306310812,GST Rd,Sexual assault,04,2022,13,22,37,76.63077357621357
12.837345019244804,80.03753870785977,Thiruvanchery Rd,Assault,02,2020,24,15,57,74.40132609203565
12.825650007635424,80.03834066401873,SRM Main Rd,Assault,05,2020,21,16,4,25.53798646474125
12.825238302318914,80.0450427431039,Chengalpattu-Thiruporur Rd,Drug-related,05,2020,18,1,45,32.60879549790514
12.825479334531016,80.0432830703817,SRM Main Rd,Vandalism,08,2022,28,2,49,34.888056170844564
12.836613978409076,80.04495601647095,Potheri Main Rd,Robbery,01,2021,3,17,18,31.63955088909284
12.835904506458428,80.04036988732706,SRM Main Rd,Vandalism,06,2020,21,22,59,74.82760654284621
12.835889600522917,80.04771047847434,Thiruvanchery Rd,Sexual assault,07,2021,15,21,9,84.8525675262554
12.822813137378724,80.03996854753076,Potheri Main Rd,Robbery,11,2021,4,19,40,36.47717245967645
12.840292718079914,80.03939517235726,Potheri Main Rd,Sexual assault,06,2020,18,23,29,23.016447946748997
12.82631849261878,80.04162845412085,Potheri Main Rd,Drug-related,09,2022,11,10,50,97.19045955422247
12.83786917216535,80.04565493601287,Chengalpattu-Thiruporur Rd,Assault,07,2020,4,4,13,33.902855406352515
12.822814113941938,80.04885676546216,SRM Main Rd,Drug-related,12,2022,16,23,49,9.170802540221402
12.822081654855833,80.05131719456844,SRM Main Rd,Robbery,11,2021,3,8,54,63.651709802773645
12.839977934091735,80.05049880624496,Thiruvanchery Rd,Assault,12,2020,1,14,18,84.70639708879288
12.83446339646819,80.03253749208798,Chengalpattu-Thiruporur Rd,Assault,09,2022,2,19,51,19.99710215726569
12.834932567977548,80.04034023308616,Chengalpattu-Thiruporur Rd,Theft,10,2021,24,1,54,82.70956472803763
12.833463317824645,80.03749192247082,Potheri Main Rd,Sexual assault,11,2021,12,11,0,13.722266386565085
12.825787052190472,80.04395057041805,Thiruvanchery Rd,Robbery,05,2022,3,23,50,80.78516835559488
12.832356262119161,80.04411453810168,Potheri Main Rd,Assault,07,2021,5,22,29,57.50547295644335
12.82836305020228,80.03960111066317,SRM Main Rd,Robbery,04,2022,12,15,57,87.41687112921859
12.8349225489804,80.03669234604969,GST Rd,Vandalism,07,2022,21,21,49,19.571110937182958
12.830050129264533,80.0326702627583,GST Rd,Assault,04,2022,26,22,11,49.066437212328616
12.832238719393017,80.045822196271,Chengalpattu-Thiruporur Rd,Vandalism,11,2020,4,16,21,47.28182770816358
12.838001584410652,80.0358815208672,Thiruvanchery Rd,Drug-related,02,2020,20,13,20,59.94664826814537
12.836520649831776,80.04776028363824,GST Rd,Sexual assault,02,2021,23,13,33,35.36816304569156
12.82503287268727,80.04342976377613,SRM Main Rd,Theft,02,2022,6,20,4,11.564933116832876
12.830421403532524,80.04332932681945,Potheri Main Rd,Drug-related,12,2021,26,6,38,3.7516842485912028
12.82657726017138,80.05047947528917,Thiruvanchery Rd,Vandalism,05,2020,20,14,3,23.99567284683217
12.830829147010913,80.03782823270245,GST Rd,Sexual assault,12,2022,3,20,53,47.22546734420081
12.823143335088918,80.04159543729426,GST Rd,Assault,06,2021,23,4,11,3.535592272398913
12.822673774624949,80.03919474384412,Thiruvanchery Rd,Drug-related,02,2020,6,16,28,87.95635182655147
12.833203627519028,80.03515049003326,GST Rd,Assault,11,2022,20,10,47,63.88422379478567
12.823066072576239,80.04069328750118,Chengalpattu-Thiruporur Rd,Assault,02,2022,9,16,50,97.88586041153945
12.838426585676993,80.03827701921672,Potheri Main Rd,Sexual assault,04,2020,11,5,16,68.67779093981096
12.837067302810107,80.03461064379186,Chengalpattu-Thiruporur Rd,Assault,08,2020,7,19,32,12.342948578175017
12.820359092457299,80.03169416068994,GST Rd,Drug-related,04,2021,9,2,42,29.946477240620894
12.82564978316125,80.04855490653647,Thiruvanchery Rd,Assault,03,2022,16,13,4,88.25922712481643
12.835475963867205,80.04346373430221,Thiruvanchery Rd,Assault,07,2021,2,1,35,0.020151760061992707
12.831550408309116,80.03402618671836,Thiruvanchery Rd,Theft,06,2022,21,3,0,10.796230999544376
12.827745013365698,80.03325338824274,Thiruvanchery Rd,Sexual assault,01,2022,6,16,48,25.82216687439819
12.82085397719877,80.03715657309328,GST Rd,Assault,10,2020,26,19,14,50.88045092892146
12.82060916748481,80.04478432815587,Chengalpattu-Thiruporur Rd,Vandalism,02,2022,25,21,51,61.78591428304999
12.828816565145756,80.04502954424208,GST Rd,Vandalism,12,2020,21,19,56,69.38818882532271
12.839531822000993,80.05067701304282,Chengalpattu-Thiruporur Rd,Drug-related,10,2021,15,14,12,17.01688401541267
12.833503107583084,80.03299847884001,Chengalpattu-Thiruporur Rd,Vandalism,08,2021,9,19,43,73.15814815423208
12.821505342993328,80.0345967208126,Potheri Main Rd,Drug-related,01,2021,27,19,14,29.525341391885497
12.828376807856865,80.04125132791107,Thiruvanchery Rd,Theft,02,2020,10,4,7,3.7299344243475474
12.831670150558919,80.03297261890928,Chengalpattu-Thiruporur Rd,Assault,08,2021,9,3,6,43.93574732757378
12.838422595194295,80.03829842580352,Chengalpattu-Thiruporur Rd,Robbery,08,2020,11,1,41,3.2185370969166183
12.827093286383104,80.03337569795316,Chengalpattu-Thiruporur Rd,Sexual assault,07,2022,9,12,45,22.585002833749222
12.83802859228222,80.04603746856853,Potheri Main Rd,Drug-related,11,2022,22,23,12,46.91686115436314
12.822816803781715,80.05058726384492,Chengalpattu-Thiruporur Rd,Vandalism,08,2022,11,11,23,36.7642338816669
12.836745403866601,80.04604559859597,Thiruvanchery Rd,Robbery,06,2022,21,2,3,59.120829682079986
12.824723434498633,80.03219055924414,SRM Main Rd,Assault,04,2021,5,18,13,38.31137220827628
12.82387806778915,80.04898869124904,SRM Main Rd,Vandalism,05,2021,23,12,57,81.59787004218043
12.82282365718875,80.04874642120373,Thiruvanchery Rd,Robbery,06,2021,12,16,57,67.04274511506017
12.83400473344255,80.04267303655944,Thiruvanchery Rd,Sexual assault,12,2021,28,9,53,94.49284515971793
12.82388726884943,80.04324299200096,Thiruvanchery Rd,Theft,07,2020,21,10,40,73.9622236421651
12.838881788011836,80.0478047911183,Chengalpattu-Thiruporur Rd,Drug-related,08,2021,17,17,27,1.6877411433039224
12.830159945737872,80.03804998964337,Potheri Main Rd,Robbery,10,2021,20,6,48,52.16604748198064
12.832428032677274,80.04184043318865,Potheri Main Rd,Assault,11,2021,10,7,20,39.96968069457034
12.826959136587396,80.04159585974145,Chengalpattu-Thiruporur Rd,Sexual assault,08,2021,13,11,29,3.497019443671534
12.828977966991529,80.04161570635655,Thiruvanchery Rd,Drug-related,09,2022,2,8,26,28.84981363656527
12.829138193877307,80.04623088326636,Chengalpattu-Thiruporur Rd,Sexual assault,03,2022,23,19,14,15.861884239248859
12.830996193551373,80.04681277630036,GST Rd,Drug-related,05,2021,24,10,38,25.14597356103725
12.825719703173851,80.04069167490763,SRM Main Rd,Robbery,03,2020,23,20,37,99.73455821932015
12.827940619805561,80.04413722753199,SRM Main Rd,Robbery,10,2020,22,23,4,78.92315889582144
12.836699927997044,80.0417184391921,GST Rd,Vandalism,05,2020,13,12,34,75.20466083512095
12.836720396133769,80.03216029665587,GST Rd,Theft,01,2022,18,21,43,5.511237869993602
12.832355008103512,80.03818044128843,SRM Main Rd,Theft,01,2022,9,10,34,64.04404767148047
12.831071615602339,80.04153357972702,SRM Main Rd,Theft,01,2020,24,14,4,51.09507371766912
12.832438440865271,80.04598085517806,SRM Main Rd,Theft,08,2020,25,14,21,42.70546803068098
12.82212792649907,80.04324710835215,Potheri Main Rd,Assault,07,2020,7,6,53,96.05428973318834
12.834271679927598,80.0482693681768,Chengalpattu-Thiruporur Rd,Vandalism,09,2021,25,1,7,19.589495556160742
12.827337277649956,80.03367296076172,Thiruvanchery Rd,Theft,02,2021,17,2,17,87.16194286206755
12.832134963922423,80.03832019350766,SRM Main Rd,Assault,07,2021,12,8,35,52.750319578518024
12.83911828661002,80.03792113660793,GST Rd,Drug-related,11,2022,27,11,10,75.20728044277149
12.83392243044065,80.041696577692,GST Rd,Robbery,11,2021,15,6,58,23.373195005795854
12.823591145122878,80.0482492636443,Potheri Main Rd,Drug-related,04,2022,9,2,13,88.79978710715238
12.821176939278404,80.04083998168464,GST Rd,Vandalism,10,2020,22,5,51,86.30660574276166
12.838806951304534,80.0410653419839,GST Rd,Assault,10,2021,12,9,13,21.836787035670458
12.828713799343713,80.03753022975854,SRM Main Rd,Robbery,08,2020,9,5,11,2.188704238188477
12.821785462303334,80.03458519848947,Chengalpattu-Thiruporur Rd,Sexual assault,02,2020,17,20,30,39.2340615882214
12.821862503991667,80.04593401008898,SRM Main Rd,Assault,12,2020,26,1,27,90.76023002745367
12.839711792456711,80.04521407115561,Chengalpattu-Thiruporur Rd,Assault,06,2021,28,23,9,92.90987924910782
12.840257733778026,80.04400592847693,GST Rd,Theft,06,2020,8,10,11,15.401397209886692
12.839859052269828,80.04508396072447,GST Rd,Theft,11,2022,4,12,32,13.029300724484905
12.837628467514786,80.03608148832015,Chengalpattu-Thiruporur Rd,Vandalism,01,2022,18,17,53,8.80266618548543
12.832160567673926,80.03835592264149,SRM Main Rd,Theft,10,2020,22,22,37,17.778195209622826
12.824518888014756,80.04052571430418,SRM Main Rd,Vandalism,05,2020,16,17,38,56.53790224251417
12.826892242270963,80.04953030606305,Thiruvanchery Rd,Robbery,12,2022,5,1,23,97.28302084701616
12.84029836062672,80.0320845968374,Potheri Main Rd,Assault,07,2021,13,23,19,87.61340884024906
12.838609090770998,80.0361257065148,Potheri Main Rd,Sexual assault,11,2021,11,21,26,18.06686121314769
12.82380107063516,80.03445544290658,GST Rd,Robbery,10,2021,3,19,5,49.90987700972806
12.825525141488816,80.04446511595526,Chengalpattu-Thiruporur Rd,Robbery,11,2021,15,11,29,16.56250188788183
12.8366507541599,80.03399407970069,Chengalpattu-Thiruporur Rd,Theft,03,2021,18,12,25,21.44543283273729
12.822387035554287,80.03852079356066,SRM Main Rd,Robbery,01,2022,9,14,31,14.918597393014576
12.833429798872078,80.04067609011484,GST Rd,Drug-related,09,2020,18,4,1,68.94643095035907
12.828779734959047,80.04278540087691,SRM Main Rd,Theft,12,2020,18,9,17,98.9578088737311
12.821923206725073,80.04529270813246,SRM Main Rd,Sexual assault,10,2022,19,17,40,69.84736857576466
12.825838645052315,80.0438616891221,SRM Main Rd,Assault,11,2020,26,16,37,46.71113623482914
12.835515807889333,80.03700041745967,Thiruvanchery Rd,Sexual assault,10,2020,12,9,57,47.020738674502084
12.83360253746851,80.03312439018477,Potheri Main Rd,Theft,09,2021,10,14,18,85.57751005455512
12.838915180983193,80.03599239239485,Chengalpattu-Thiruporur Rd,Sexual assault,08,2021,18,4,41,50.41511056291146
12.823098027409959,80.03186330401817,SRM Main Rd,Sexual assault,09,2020,18,22,8,81.22493883028737
12.838708875317135,80.03243005065939,Thiruvanchery Rd,Vandalism,02,2021,18,9,17,69.1139112079853
12.821972855810724,80.0442822103019,SRM Main Rd,Assault,12,2020,11,8,3,28.705927016317766
12.824868759406415,80.03504593206749,Potheri Main Rd,Vandalism,01,2020,9,10,32,57.16372713420913
12.840205988771913,80.03544698883522,SRM Main Rd,Sexual assault,11,2021,16,11,7,77.82561618292179
12.827974427295256,80.0346713425361,Chengalpattu-Thiruporur Rd,Sexual assault,08,2020,21,16,53,42.101930201476044
12.835599639370432,80.03632215366208,SRM Main Rd,Assault,01,2021,28,13,18,8.05378020728391
12.820602405576292,80.04068107054307,Potheri Main Rd,Drug-related,09,2022,12,0,36,82.26906997169642
12.832704207364038,80.03556427354955,Thiruvanchery Rd,Assault,05,2022,15,0,4,19.411729764254716
12.822936144715726,80.04358455457857,Thiruvanchery Rd,Assault,08,2020,12,10,37,22.650464363134738
12.8325600100062,80.04240399954715,Chengalpattu-Thiruporur Rd,Sexual assault,01,2022,9,7,40,19.010680803624368
12.832020362566192,80.04426186311161,Potheri Main Rd,Robbery,04,2020,5,18,25,59.4066885497896
12.827100213867897,80.04861320798582,Chengalpattu-Thiruporur Rd,Theft,10,2022,23,14,41,89.96315442908659
12.828629398480173,80.03519595804853,Potheri Main Rd,Sexual assault,03,2021,9,20,23,51.86373838293833
12.835620302729783,80.05131561871099,Thiruvanchery Rd,Vandalism,04,2022,15,9,30,6.344879446824581
12.832481170886007,80.04977893834493,SRM Main Rd,Robbery,12,2022,23,17,10,27.93631011610462
12.82993872659942,80.042262167973,Thiruvanchery Rd,Theft,08,2020,12,15,8,46.84813298294381
12.821381898501555,80.03339602995244,GST Rd,Robbery,08,2021,17,23,19,3.9102988426283014
12.822449666933519,80.047772674532,GST Rd,Assault,06,2021,14,22,51,40.424227057841556
12.835297976304645,80.03538161324133,SRM Main Rd,Assault,03,2022,25,14,36,74.08485527080032
12.830866318160657,80.05099440390994,Potheri Main Rd,Theft,07,2020,9,2,27,90.61175048097363
12.836755214488042,80.0462694179923,Potheri Main Rd,Assault,02,2020,12,0,54,50.989628758534636
12.823610370442696,80.04116412583738,Potheri Main Rd,Sexual assault,11,2020,24,16,22,47.65622878481498
12.837441280026441,80.04408230389973,Chengalpattu-Thiruporur Rd,Drug-related,04,2020,3,20,6,35.49691508024488
12.830638592667945,80.04722267871315,GST Rd,Theft,05,2021,20,12,52,84.32433957870057
12.831591416826353,80.04086942788211,Chengalpattu-Thiruporur Rd,Assault,03,2020,18,17,59,10.785770652093474
12.835650767575903,80.04872431388742,Chengalpattu-Thiruporur Rd,Robbery,06,2021,7,3,50,25.49218564835535
12.825779546067638,80.04055397726368,Potheri Main Rd,Theft,10,2021,27,11,9,4.0727214832889995
12.828561127298698,80.04954212833175,SRM Main Rd,Theft,08,2022,24,19,1,72.54900728000595
12.833795813373275,80.0406750548318,GST Rd,Sexual assault,04,2020,8,9,45,27.88864292202501
12.83563678093236,80.0444966028574,GST Rd,Assault,08,2022,11,19,16,51.49879832299051
12.832643257180322,80.04587413003412,Thiruvanchery Rd,Robbery,03,2022,17,23,11,79.05549403506016
12.823815340890162,80.03507556483106,Potheri Main Rd,Drug-related,05,2022,21,3,5,54.15731549567057
12.822602319588459,80.05059462283377,Chengalpattu-Thiruporur Rd,Drug-related,11,2020,19,17,30,85.2353171530828
12.836068949750636,80.04089646602878,SRM Main Rd,Sexual assault,05,2022,11,1,52,4.201658760095928
12.826431634191016,80.03504509626563,Thiruvanchery Rd,Theft,04,2022,4,6,8,75.8909864584563
12.834849241579628,80.04129350806511,SRM Main Rd,Assault,12,2022,2,12,4,75.95212338823717
12.825867519237452,80.0358688912452,Chengalpattu-Thiruporur Rd,Assault,01,2020,4,17,4,44.96242914012124
12.835903288479916,80.03566947371606,Chengalpattu-Thiruporur Rd,Theft,06,2021,23,12,32,94.5103049877179
12.820498805365649,80.04286674027948,GST Rd,Sexual assault,04,2021,16,4,53,72.27891370423649
12.824497024377715,80.04044918415764,SRM Main Rd,Assault,01,2021,8,23,31,56.28792781410181
12.83078406368619,80.03412842534395,Chengalpattu-Thiruporur Rd,Sexual assault,10,2021,2,10,29,62.54542525537884
12.83485793998335,80.05113261700848,GST Rd,Vandalism,03,2022,8,8,51,57.261645400001505
12.828362822579926,80.04484059032804,GST Rd,Assault,11,2022,13,18,4,15.734453128914117
12.83653541594327,80.03502867411409,Potheri Main Rd,Drug-related,09,2020,23,16,57,41.71612273439331
12.834574268438574,80.03403454983558,SRM Main Rd,Drug-related,12,2022,19,18,48,5.760378949836554
12.832095878926141,80.04677980955216,GST Rd,Sexual assault,10,2020,21,7,38,51.65273155055425
12.831037755708564,80.04456739170116,Potheri Main Rd,Sexual assault,11,2021,1,20,32,57.788066963857865
12.82760090787226,80.03827620355317,GST Rd,Sexual assault,11,2020,9,14,9,49.37267440178188
12.836758631110532,80.04581557196998,SRM Main Rd,Sexual assault,05,2021,5,9,14,93.64552285648419
12.820607020878494,80.0353657027946,GST Rd,Vandalism,09,2021,12,17,48,8.824958733841704
12.837471018061608,80.04121493868881,Thiruvanchery Rd,Vandalism,11,2022,28,20,34,10.960732024540466
12.828621237758018,80.04616875762115,GST Rd,Vandalism,09,2020,8,23,8,35.31226832183103
12.834738102425378,80.05148714289051,Potheri Main Rd,Vandalism,06,2022,15,16,20,28.8324714944006
12.83734285767362,80.0344123144354,SRM Main Rd,Vandalism,09,2021,17,17,6,94.55204874245324
12.821044029822465,80.04990976623206,SRM Main Rd,Vandalism,03,2020,13,15,48,54.355087305259595
12.836813506696682,80.0408697330504,Potheri Main Rd,Drug-related,04,2021,2,22,43,78.65227849751615
12.824150948475964,80.03437895474636,SRM Main Rd,Sexual assault,03,2020,17,9,42,90.97777643425925
12.826792356317307,80.03631841379014,Chengalpattu-Thiruporur Rd,Robbery,03,2020,6,15,12,88.83271517561418
12.82993955522644,80.03991128984997,Chengalpattu-Thiruporur Rd,Sexual assault,08,2021,5,10,20,22.174778063579293
12.821772495362605,80.05026850028636,Thiruvanchery Rd,Assault,01,2020,5,17,43,35.92895033718917
12.839857361465922,80.03802669198633,SRM Main Rd,Vandalism,05,2020,20,7,31,86.80731867777432
12.83546354478764,80.04443166344034,Potheri Main Rd,Robbery,10,2021,22,6,35,95.7728930353292
12.836027542558332,80.0463993798081,SRM Main Rd,Drug-related,03,2022,17,19,47,49.230414371889886
12.83706262973374,80.04420935415477,GST Rd,Theft,06,2021,26,17,4,30.582760665301244
12.822999441808607,80.04541073616927,Thiruvanchery Rd,Robbery,09,2021,23,7,47,80.68803566801385
12.837473648694854,80.04769893675626,SRM Main Rd,Sexual assault,09,2021,1,22,24,51.32147758678005
12.825901749677284,80.04213959972948,Thiruvanchery Rd,Drug-related,01,2021,26,6,34,40.33074023382242
12.836089952928992,80.03622645031926,Potheri Main Rd,Vandalism,04,2020,5,22,14,80.14617836331688
12.823577501996809,80.05065400002887,Chengalpattu-Thiruporur Rd,Assault,12,2022,3,20,55,52.87437060403939
12.830730276657146,80.04657194672274,Chengalpattu-Thiruporur Rd,Assault,12,2020,1,14,45,40.17288981947906
12.825607919138683,80.03964983917676,Potheri Main Rd,Assault,02,2021,5,5,50,36.2682591999798
12.825746863100704,80.03606819688679,Potheri Main Rd,Vandalism,02,2021,21,12,7,89.96762720586047
12.83418326509965,80.04720204742226,GST Rd,Vandalism,10,2020,7,7,24,50.56493530285605
12.832103968063295,80.04898409910194,SRM Main Rd,Vandalism,12,2021,4,18,12,51.83865348068114
12.837657030192442,80.04870963577176,Potheri Main Rd,Vandalism,10,2022,14,10,13,64.15965065373167
12.83606706749009,80.03642627306472,SRM Main Rd,Robbery,06,2020,9,1,45,41.063637122283524
12.8324471612896,80.04878347114992,Chengalpattu-Thiruporur Rd,Theft,11,2021,27,8,31,1.0072105330311776
12.83045173796464,80.03563662870853,Thiruvanchery Rd,Drug-related,11,2021,14,1,56,82.31931540525235
12.829619853494238,80.03906264889451,Thiruvanchery Rd,Vandalism,12,2020,4,4,28,76.25124667110194
12.835706184353498,80.04036331681917,GST Rd,Theft,03,2020,15,13,29,94.48900203830495
12.839394883272362,80.03947335036769,Chengalpattu-Thiruporur Rd,Vandalism,11,2022,19,5,17,36.90500070380456
12.824507680167294,80.0367596584546,Potheri Main Rd,Vandalism,11,2020,19,2,50,38.67998544182814
12.838374231352786,80.0512538882919,Potheri Main Rd,Theft,05,2022,13,11,10,56.78168199272163
12.82150478973437,80.03442636611233,Thiruvanchery Rd,Sexual assault,07,2021,13,4,52,5.123839712752131
12.836248611110094,80.03952709900746,Chengalpattu-Thiruporur Rd,Vandalism,07,2022,7,21,12,86.3927981362626
12.82506197737428,80.03237544065254,Chengalpattu-Thiruporur Rd,Vandalism,04,2020,9,21,49,34.37993798749051
12.833589266305108,80.0513091049296,GST Rd,Robbery,09,2020,24,18,40,73.54845461033752
12.82511702467359,80.04360695305496,GST Rd,Theft,02,2021,15,23,24,3.6031101580292435
12.825914012493273,80.04348759286027,GST Rd,Vandalism,07,2022,15,14,48,23.76510718996272
12.836048918458964,80.03281610384262,Thiruvanchery Rd,Theft,04,2022,13,21,0,38.2305541280672
12.824182701610676,80.04963163446631,Thiruvanchery Rd,Vandalism,07,2020,13,19,52,54.34140954124812
12.820785970938946,80.05071873914083,SRM Main Rd,Sexual assault,05,2022,16,10,0,69.55918207299307
12.827153661948781,80.0424668810785,Thiruvanchery Rd,Robbery,04,2020,1,21,24,69.33465857334575
12.830199820096434,80.03582858755931,SRM Main Rd,Vandalism,09,2021,4,4,22,9.63745029066072
12.827890252961861,80.04045514586238,GST Rd,Vandalism,09,2021,8,7,40,82.54721719999651
12.821248045164896,80.03521515476989,Potheri Main Rd,Vandalism,09,2020,17,18,55,24.239900239445046
12.835941728117849,80.03871341402919,SRM Main Rd,Theft,01,2020,17,0,3,7.8120046676913635
12.839527247391306,80.03527399289419,Potheri Main Rd,Robbery,09,2021,7,22,38,22.17812948719725
12.837162476903652,80.04144960545315,Potheri Main Rd,Assault,10,2020,26,12,7,75.02707642865344
12.835588912461452,80.04217514370801,SRM Main Rd,Robbery,04,2021,9,10,8,28.067957929728106
12.825594715992406,80.0489143199787,GST Rd,Drug-related,07,2021,25,0,3,2.808017041973543
12.833141765295931,80.03779580322914,Potheri Main Rd,Theft,10,2020,22,21,15,83.31031998451628
12.824052396375198,80.04454599857642,GST Rd,Theft,12,2021,13,10,33,27.771119085171613
12.834521255301281,80.04455784949354,GST Rd,Sexual assault,02,2022,14,10,7,13.063031557760773
12.83017195351426,80.03643275253229,Thiruvanchery Rd,Sexual assault,07,2022,26,14,32,6.349882102972703
12.830657700416761,80.04198078169354,Thiruvanchery Rd,Sexual assault,06,2020,28,23,5,49.5077897990015
12.82043395457765,80.03599078483684,SRM Main Rd,Robbery,03,2022,13,16,31,24.652450900618884
12.829462040730563,80.03977760744267,Potheri Main Rd,Vandalism,05,2022,27,13,8,94.1093360447485
12.822988985856911,80.03518313543718,Chengalpattu-Thiruporur Rd,Sexual assault,08,2022,7,15,29,66.8122253943456
12.824187750175025,80.03255771589888,Thiruvanchery Rd,Theft,07,2022,9,4,6,9.204314849300843
12.828179592783572,80.03652348666442,SRM Main Rd,Sexual assault,02,2020,18,16,12,48.387469139108696
12.829161255208728,80.03277512415644,Chengalpattu-Thiruporur Rd,Robbery,02,2022,1,3,15,36.181900817929055
12.837422595678243,80.04375822714714,SRM Main Rd,Sexual assault,05,2020,20,6,6,6.1248859397286415
12.837499638761427,80.0409300283754,Potheri Main Rd,Vandalism,02,2022,11,18,30,21.71193092361102
12.828350425816145,80.03594943018142,Chengalpattu-Thiruporur Rd,Assault,04,2021,13,0,15,46.07711105848304
12.836001172213903,80.04510186893248,Thiruvanchery Rd,Robbery,10,2021,12,21,43,54.446752682780385
12.822117014148457,80.04863652103388,GST Rd,Sexual assault,04,2020,8,11,10,13.719967124009102
12.838037167587622,80.04356458233951,Potheri Main Rd,Theft,08,2021,14,18,11,68.21517932882008
12.826023968254358,80.03720422480352,Thiruvanchery Rd,Assault,10,2020,8,5,1,97.93071845270339
12.821769163757558,80.04919805925078,GST Rd,Vandalism,07,2020,28,4,35,10.880508096810726
12.838681083703333,80.03473068763803,Potheri Main Rd,Assault,02,2022,7,12,44,97.74175899883724
12.839369567420041,80.03582637089472,Thiruvanchery Rd,Robbery,06,2021,12,19,32,53.65777455602906
12.825569899908357,80.03647760975612,Chengalpattu-Thiruporur Rd,Theft,07,2021,17,21,5,67.70502195846937
12.825334894143037,80.04575056918937,SRM Main Rd,Vandalism,02,2020,9,4,38,81.14574115468439
12.834235186448797,80.04502163828863,GST Rd,Drug-related,03,2021,23,2,59,51.61346281698659
12.821506453547338,80.03881763945536,Chengalpattu-Thiruporur Rd,Assault,04,2021,28,23,53,92.41690489572017
12.82064835305198,80.05090055455491,GST Rd,Vandalism,05,2021,21,1,3,89.35368867195952
12.831658058731906,80.04272393538844,GST Rd,Robbery,01,2021,24,14,39,71.64094507569928
12.840109938689325,80.04387244947907,Thiruvanchery Rd,Sexual assault,10,2020,11,8,27,68.47181569043025
12.8396555598349,80.03847741112773,GST Rd,Drug-related,06,2021,25,13,36,90.5412138788745
12.833641100304316,80.03161136627668,Chengalpattu-Thiruporur Rd,Sexual assault,08,2022,7,1,24,63.91030826172675
12.836007988763118,80.03170587143732,SRM Main Rd,Theft,07,2020,28,22,27,53.08151605406388
12.830622436696713,80.03395152324244,Chengalpattu-Thiruporur Rd,Sexual assault,07,2020,2,20,27,28.44901215535388
12.828376202343858,80.0441925457835,Potheri Main Rd,Assault,07,2020,22,1,7,28.673655265735388
12.833941178554669,80.04831612389148,SRM Main Rd,Drug-related,11,2022,19,7,39,21.717459535579742
12.83732773062786,80.04063188721763,GST Rd,Vandalism,05,2022,12,7,15,10.392968228599875
12.83865664267999,80.04080726577233,SRM Main Rd,Sexual assault,11,2021,12,4,56,34.839436942198276
12.830021281773565,80.04394908576307,GST Rd,Robbery,05,2020,9,12,57,56.25242718553298
12.83440170470368,80.04167453044938,SRM Main Rd,Drug-related,11,2022,7,9,36,50.006632623035074
12.833781888555494,80.04853514371578,Thiruvanchery Rd,Vandalism,01,2020,17,14,59,24.93919688046695
12.834831635724077,80.03938028871083,Thiruvanchery Rd,Drug-related,07,2021,22,20,30,53.98401676121573
12.823360840316711,80.0366090562697,GST Rd,Robbery,01,2021,7,6,40,15.224628767805648
12.838087056496978,80.03259531158083,SRM Main Rd,Assault,05,2022,11,22,13,22.260202392907548
12.833740083295405,80.03296995969134,Thiruvanchery Rd,Robbery,02,2022,1,3,31,44.30442912141602
12.828275886257115,80.03464735884917,SRM Main Rd,Robbery,02,2021,21,17,4,28.860591634333556
12.832344543736564,80.03673144951509,Chengalpattu-Thiruporur Rd,Drug-related,02,2021,20,16,50,72.11840786315695
12.833555743303512,80.04696154526995,Thiruvanchery Rd,Sexual assault,03,2021,20,14,34,16.21190943537575
12.832513515634881,80.03507923650362,GST Rd,Theft,11,2020,23,9,9,60.759633533725676
12.825166024729524,80.03342749404398,Chengalpattu-Thiruporur Rd,Drug-related,09,2021,18,20,21,55.303856944883314
12.830802693178729,80.04182202840502,Chengalpattu-Thiruporur Rd,Sexual assault,10,2022,24,0,27,66.20086839413037
12.827760678866499,80.03837538583143,Chengalpattu-Thiruporur Rd,Drug-related,12,2020,18,10,59,78.98515810587264
12.827081911303432,80.05033645459702,Chengalpattu-Thiruporur Rd,Assault,03,2022,3,0,39,90.1084957301885
12.836044903047405,80.03270660279196,SRM Main Rd,Robbery,02,2021,11,2,17,53.966338935492196
12.83327956799375,80.03349732601616,Chengalpattu-Thiruporur Rd,Drug-related,02,2022,25,2,18,54.27043852578844
12.834874133083838,80.0456465562248,Potheri Main Rd,Sexual assault,03,2020,20,7,24,15.76915067384398
12.823055131205376,80.03882893621198,Potheri Main Rd,Sexual assault,09,2020,18,10,46,71.91796291496286
12.825692456160601,80.04782649271813,Chengalpattu-Thiruporur Rd,Sexual assault,04,2022,16,6,56,15.360126691720577
12.82853481976711,80.05059491381026,Chengalpattu-Thiruporur Rd,Sexual assault,08,2022,12,17,26,42.72979192504397
12.83265243570166,80.03190901043158,Chengalpattu-Thiruporur Rd,Sexual assault,12,2022,24,0,29,44.63975826934686
12.835429775150324,80.04779121644586,Thiruvanchery Rd,Theft,04,2021,23,13,17,86.35041674557135
12.830024660785263,80.03681532401554,SRM Main Rd,Sexual assault,04,2020,8,8,32,98.83164651188778
12.83878360553496,80.04327312212908,Thiruvanchery Rd,Drug-related,09,2020,28,2,22,21.344326377774415
12.831399008491232,80.04890280152557,SRM Main Rd,Sexual assault,12,2021,9,2,15,6.185763340982675
12.839092180197746,80.04443335456378,Chengalpattu-Thiruporur Rd,Assault,12,2022,18,7,40,50.70662978103463
12.823441528652792,80.05053600155672,Thiruvanchery Rd,Theft,07,2021,23,16,52,68.66800183797555
12.826245149700169,80.03371665970415,GST Rd,Drug-related,03,2020,23,22,29,18.156828973823004
12.82626513611091,80.05010634256723,Chengalpattu-Thiruporur Rd,Vandalism,06,2020,24,22,15,74.56477371904683
12.827908251580357,80.04945142250894,Chengalpattu-Thiruporur Rd,Theft,09,2022,13,17,29,62.30116167676274
12.823357700626568,80.04861356305882,Thiruvanchery Rd,Vandalism,09,2022,23,9,36,47.61149192309373
12.835282365356104,80.03890500087937,Chengalpattu-Thiruporur Rd,Robbery,11,2022,3,4,54,89.55430773380355
12.829347376909775,80.03370164005229,SRM Main Rd,Drug-related,10,2021,13,23,56,1.124265562534632
12.824376760107494,80.04981531590394,Chengalpattu-Thiruporur Rd,Robbery,10,2022,6,4,18,55.39058036728424
12.824654528798247,80.04815811339857,Potheri Main Rd,Theft,01,2021,21,22,33,93.9755529131984
12.823452490762781,80.03338915351465,SRM Main Rd,Vandalism,07,2020,8,13,49,92.37258850648416
12.82614858282362,80.03420564407396,Chengalpattu-Thiruporur Rd,Vandalism,09,2021,19,14,30,47.81797599172904
12.838562897471562,80.04195890077443,Thiruvanchery Rd,Drug-related,11,2020,23,13,16,72.4360308280444
12.831859969213346,80.04387929665015,Thiruvanchery Rd,Assault,11,2020,24,0,45,72.01485223094218
12.826448926509004,80.04926443441948,Potheri Main Rd,Vandalism,03,2021,2,9,21,75.16883334763615
12.821610555285385,80.03660616322503,GST Rd,Theft,02,2021,3,8,10,87.22239823803093
12.821271251699729,80.04251704730005,GST Rd,Robbery,05,2020,19,20,16,11.56661892883103
12.838429950122036,80.04784899278273,Potheri Main Rd,Assault,02,2022,18,1,38,22.153313932747444
12.82944732562231,80.03160664233374,GST Rd,Theft,10,2021,27,2,44,96.46561908108644
12.833595198995383,80.04959071733106,GST Rd,Robbery,08,2021,7,16,34,93.0431098849466
12.827960257928611,80.0330587945941,Potheri Main Rd,Sexual assault,01,2022,5,1,28,84.94902104359011
12.821349329251273,80.04177151732128,GST Rd,Robbery,07,2021,23,20,14,73.56035051471599
12.821930658372754,80.04172874423955,Chengalpattu-Thiruporur Rd,Vandalism,10,2021,20,13,1,46.035450974532296
12.824045593165541,80.04933949607195,Chengalpattu-Thiruporur Rd,Sexual assault,09,2021,20,19,14,23.302069157916737
12.827242374902427,80.03928371030078,Thiruvanchery Rd,Robbery,07,2020,27,0,4,85.21286794847283
12.836392030352968,80.03766521975052,GST Rd,Vandalism,09,2022,22,5,9,48.57889117025993
12.829426765722657,80.03446911281067,Chengalpattu-Thiruporur Rd,Assault,08,2021,15,22,7,49.2264348297253
12.835927481443473,80.03449401973342,Thiruvanchery Rd,Vandalism,08,2021,18,2,15,56.762291106297944
12.82185441475873,80.04577458364335,SRM Main Rd,Vandalism,10,2020,20,2,40,97.69718709384355
12.835376404899314,80.03975665786618,Thiruvanchery Rd,Robbery,01,2020,8,20,13,84.65668352805751
12.834893071395875,80.0503430324719,Thiruvanchery Rd,Drug-related,09,2021,10,20,1,60.660381939340446
12.832565580835974,80.0315810283182,Chengalpattu-Thiruporur Rd,Robbery,08,2021,28,6,53,57.890825550045975
12.829292835422011,80.0335702017427,Chengalpattu-Thiruporur Rd,Drug-related,01,2021,21,20,15,82.76127332982652
12.83257034397293,80.04321668354093,GST Rd,Assault,08,2020,2,14,51,16.733348763425802
12.829717017418137,80.0447881447038,SRM Main Rd,Theft,11,2021,15,19,17,4.272645859118196
12.824327847849945,80.03909827982618,GST Rd,Vandalism,09,2022,20,13,2,70.03206643680849
12.82037476348852,80.04029037950625,Thiruvanchery Rd,Assault,12,2020,6,3,38,9.857016677191076
12.822502724783538,80.04143227106094,SRM Main Rd,Assault,03,2021,10,2,45,79.93177483798729
12.840027962821354,80.04016846140765,Thiruvanchery Rd,Vandalism,08,2020,17,11,54,74.70410458617982
12.830994269385057,80.04042215058357,Chengalpattu-Thiruporur Rd,Assault,09,2021,23,19,14,16.347484193109896
12.83376991039225,80.03774395936401,SRM Main Rd,Vandalism,05,2022,25,13,1,81.63277144305897
12.826972361310002,80.0443385046329,SRM Main Rd,Assault,03,2021,15,18,40,44.06916253413912
12.839331908877407,80.05083315086306,Potheri Main Rd,Drug-related,02,2022,14,3,51,19.552757199097947
12.8245924605293,80.03605405150205,Thiruvanchery Rd,Theft,05,2020,2,2,41,27.613440723769145
12.828211931185127,80.04556389238031,Potheri Main Rd,Theft,03,2020,1,3,41,28.350210791792485
12.829836440930519,80.03706337541581,SRM Main Rd,Sexual assault,02,2020,18,9,14,17.22898584600594
12.823541981384592,80.04933527614075,Potheri Main Rd,Robbery,03,2022,6,11,11,83.46673455301253
12.830596032527042,80.03525697393906,Chengalpattu-Thiruporur Rd,Drug-related,04,2020,16,19,3,10.009998690799925
12.840205378599732,80.03473748975644,Chengalpattu-Thiruporur Rd,Vandalism,01,2022,6,13,1,54.524763328345635
12.825131307276893,80.03337630709989,Chengalpattu-Thiruporur Rd,Robbery,06,2021,1,4,51,47.457266866095146
12.82874889050734,80.04346886528054,GST Rd,Assault,07,2020,18,8,48,90.68349849529638
12.83634110302389,80.03956362789218,Chengalpattu-Thiruporur Rd,Drug-related,02,2020,19,10,58,29.67772881605629
12.831438786497593,80.04153185415234,Thiruvanchery Rd,Drug-related,07,2022,18,2,37,57.802980932432334
12.822652765399345,80.04195806812223,Thiruvanchery Rd,Drug-related,04,2020,12,0,53,13.32068088902858
12.822993807458813,80.04798428799202,Thiruvanchery Rd,Theft,09,2022,3,13,31,90.5562032657516
12.832739240601262,80.04437600674399,Chengalpattu-Thiruporur Rd,Robbery,10,2021,21,0,14,1.5615879111464226
12.836339049180939,80.04983593990565,Chengalpattu-Thiruporur Rd,Vandalism,12,2020,7,23,58,13.437217393218015
12.838853873650574,80.03447260289032,Chengalpattu-Thiruporur Rd,Drug-related,07,2020,12,13,3,34.1694062365653
12.828673236979169,80.04746073967301,Potheri Main Rd,Drug-related,09,2022,15,19,52,43.456947706845085
12.823200753254966,80.03254469697497,Potheri Main Rd,Vandalism,10,2021,28,6,59,90.92257253199153
12.82339178066246,80.03265725431393,Chengalpattu-Thiruporur Rd,Drug-related,04,2022,23,20,8,93.17109148910092
12.83820466488943,80.05142951118131,GST Rd,Sexual assault,05,2022,15,4,16,7.854237413935461
12.835373654242831,80.04746061488785,Potheri Main Rd,Sexual assault,01,2021,4,22,43,75.37702912621624
12.82301389126681,80.03906535060646,SRM Main Rd,Sexual assault,05,2022,26,6,47,90.63076039258856
12.830120321504076,80.03409034415284,SRM Main Rd,Theft,06,2020,16,13,47,27.526502987057565
12.829102274762743,80.03668762278107,Thiruvanchery Rd,Robbery,05,2021,19,18,33,26.80596824953382
12.835216988376946,80.03389960207357,Chengalpattu-Thiruporur Rd,Assault,04,2020,16,10,21,43.00791872576707
12.821056814919624,80.03330517630664,Potheri Main Rd,Assault,08,2022,14,13,52,74.46307272821826
12.83781068255496,80.04573621159747,SRM Main Rd,Drug-related,08,2020,25,16,4,48.99604902703405
12.83446192551441,80.0507290968167,Thiruvanchery Rd,Drug-related,08,2022,22,14,13,81.36723869165424
12.825687824425785,80.04584043336229,GST Rd,Vandalism,02,2020,24,9,19,49.65909125759266
12.822726553505657,80.03199072605247,Thiruvanchery Rd,Theft,05,2022,11,11,31,80.67499177627732
12.825138512641207,80.04680567301638,Thiruvanchery Rd,Robbery,01,2020,25,11,28,56.55654826534554
12.827657316053761,80.03826842936422,Thiruvanchery Rd,Sexual assault,05,2020,27,0,33,68.33169395534419
12.821590768320851,80.04277341412721,Chengalpattu-Thiruporur Rd,Robbery,11,2022,6,20,6,63.41099985663469
12.834611851672333,80.03821098528205,Chengalpattu-Thiruporur Rd,Assault,02,2022,11,22,12,75.10571373614351
12.831619422790187,80.05014206790467,Potheri Main Rd,Drug-related,08,2020,4,22,40,46.35379300098352
12.835660099022869,80.04859842745874,GST Rd,Vandalism,09,2020,13,10,56,87.20631758495927
12.824566674640256,80.03551835727413,Chengalpattu-Thiruporur Rd,Drug-related,01,2022,25,23,55,12.975219246897263
12.828037843319022,80.03948036453465,Chengalpattu-Thiruporur Rd,Robbery,06,2021,22,14,47,10.133268221656122
12.838200968174439,80.04298236191549,SRM Main Rd,Sexual assault,03,2021,8,13,37,18.777681665957935
12.836552546973984,80.03412405891504,Thiruvanchery Rd,Drug-related,03,2022,11,22,45,4.4944242995688555
12.836433387598314,80.05005886680813,GST Rd,Theft,04,2022,26,11,20,52.32902133396857
12.835292479577594,80.04316998998787,Potheri Main Rd,Theft,03,2022,18,6,9,71.16100535988222
12.836392246780504,80.03729273896542,Potheri Main Rd,Vandalism,09,2021,28,12,26,99.38606883705104
12.832411469273223,80.05057463428409,GST Rd,Robbery,06,2022,26,19,26,29.205129110847206
12.823206742845692,80.03156427558075,Potheri Main Rd,Sexual assault,01,2022,17,14,39,87.9104973481398
12.826759982767348,80.04311053767131,GST Rd,Drug-related,08,2022,23,10,29,37.167875073680925
12.832786142248713,80.04929076140981,Thiruvanchery Rd,Sexual assault,04,2022,2,7,30,8.311713872027603
12.838344281082646,80.03992480047637,GST Rd,Assault,02,2021,7,17,27,54.76005435133931
12.821530293356382,80.04311511060101,Potheri Main Rd,Vandalism,10,2022,3,14,15,72.76548671796289
12.822424916890185,80.03710422197605,Chengalpattu-Thiruporur Rd,Sexual assault,06,2021,28,4,22,77.40164617577183
12.835459274054786,80.03460650765824,Thiruvanchery Rd,Robbery,06,2022,6,0,20,12.676496976847584
12.836009037588708,80.04617327798154,Chengalpattu-Thiruporur Rd,Sexual assault,12,2021,28,11,39,11.238758239671064
12.833969314305214,80.03426785944552,SRM Main Rd,Vandalism,02,2022,21,10,7,52.32675027954786
12.826816556381043,80.04235583380472,Chengalpattu-Thiruporur Rd,Theft,07,2021,25,23,11,35.88710716067241
12.82906965273532,80.04337895240678,Potheri Main Rd,Drug-related,12,2021,27,18,21,87.7111497863573
12.83844422479594,80.040466576077,SRM Main Rd,Theft,08,2021,20,7,54,0.052014417160950455
12.839561137225548,80.0474984049035,Potheri Main Rd,Drug-related,02,2020,24,17,41,72.54743968725747
12.834701738984833,80.04367678855061,Potheri Main Rd,Assault,03,2020,25,23,50,63.01499196293947
12.83899723751966,80.04558565239395,Chengalpattu-Thiruporur Rd,Drug-related,09,2022,16,0,42,15.532806318993986
12.837431150445585,80.04603735054643,Chengalpattu-Thiruporur Rd,Vandalism,12,2020,17,11,0,88.1043857450925
12.827239408292247,80.04051260202303,Potheri Main Rd,Assault,12,2020,26,13,9,53.09682238823677
12.836046930488447,80.03590454607703,Thiruvanchery Rd,Theft,08,2022,6,10,40,85.32603965329655
12.831371428190778,80.03661562624232,Chengalpattu-Thiruporur Rd,Robbery,07,2022,13,1,57,12.78505732972831
12.836340550206113,80.04150092774135,SRM Main Rd,Robbery,01,2022,17,16,47,78.59387624929532
12.836194061499071,80.04265669730997,SRM Main Rd,Sexual assault,02,2021,27,10,31,89.17304403133653
12.823270083175606,80.04854505348432,GST Rd,Assault,03,2020,27,3,12,37.63416808482847
12.822510878136251,80.04557364565532,Thiruvanchery Rd,Robbery,02,2021,27,10,22,11.708069682544508
12.833835213924262,80.04124965762112,SRM Main Rd,Vandalism,10,2020,11,17,20,73.51945525969316
12.829633173220476,80.03645419720505,SRM Main Rd,Assault,05,2022,28,10,23,79.67052578024212
12.825341585024884,80.04334554530861,GST Rd,Theft,05,2022,9,19,56,73.56181900442346
12.837330169502843,80.03991072031268,SRM Main Rd,Robbery,03,2021,27,7,52,91.28834680855343
12.832096122603499,80.03225273937508,Potheri Main Rd,Vandalism,10,2020,13,17,42,65.55527178649076
12.829338410026383,80.03902064800431,Chengalpattu-Thiruporur Rd,Vandalism,09,2021,10,17,41,88.57883004125718
12.833365465561963,80.03583519803674,SRM Main Rd,Assault,12,2022,13,2,35,63.28252115106733
12.822971839981145,80.0485703601989,Thiruvanchery Rd,Sexual assault,11,2021,8,19,53,17.268542591642944
12.820394766655644,80.03342690841619,Potheri Main Rd,Theft,08,2022,15,0,36,6.911918925100391
12.833256339187544,80.03886555160662,SRM Main Rd,Sexual assault,07,2020,1,5,46,14.464665532654909
12.835341518981997,80.05044264120096,SRM Main Rd,Vandalism,07,2022,3,2,57,83.3049965261351
12.828920187410858,80.04621587469818,GST Rd,Sexual assault,11,2021,4,2,14,57.52053293124789
12.837896678958437,80.03846860065838,SRM Main Rd,Drug-related,02,2022,16,20,57,45.832269758000606
12.826359654379825,80.04728100650293,Thiruvanchery Rd,Assault,06,2021,3,22,12,82.98528980202504
12.829984778286862,80.03351280354033,Potheri Main Rd,Robbery,09,2022,6,6,22,53.69468748167976
12.83011390114447,80.03783884793735,Potheri Main Rd,Sexual assault,09,2020,1,10,36,90.44545387913709
12.823006414164297,80.03474617036147,SRM Main Rd,Vandalism,10,2021,11,7,47,55.869878612751656
12.838226655137118,80.03218634556538,Thiruvanchery Rd,Theft,12,2022,27,7,59,77.63782659065515
12.830890166021762,80.04925273003059,SRM Main Rd,Drug-related,01,2022,7,2,39,87.94415036473835
12.83333882820146,80.04102717727443,Thiruvanchery Rd,Robbery,09,2020,27,2,46,1.573920849235777
12.829954422666766,80.04721497578919,Chengalpattu-Thiruporur Rd,Robbery,06,2021,14,14,5,38.22636235095729
12.822894035240068,80.04339004607934,Chengalpattu-Thiruporur Rd,Robbery,06,2021,4,0,20,28.96812066972574
12.839327410075148,80.04939031568969,Potheri Main Rd,Sexual assault,10,2022,15,21,35,52.203729522359
12.840052253054854,80.035472764557,GST Rd,Sexual assault,12,2022,6,5,9,28.47288131010086
12.833978632501024,80.04824553157775,Chengalpattu-Thiruporur Rd,Sexual assault,02,2022,14,19,30,9.602123805501627
12.826279290305248,80.04349709236638,SRM Main Rd,Robbery,11,2022,9,15,29,74.90126575868837
12.827573526682201,80.04427011689005,Thiruvanchery Rd,Theft,12,2022,24,10,39,34.621176590262
12.823733624430613,80.03822456509529,Thiruvanchery Rd,Theft,08,2022,28,13,18,6.4553828645625195
12.83110045297546,80.05071722526979,SRM Main Rd,Sexual assault,08,2021,21,7,57,13.015057321341905
12.834631172009354,80.04586449831801,GST Rd,Sexual assault,05,2020,20,8,25,42.972824945661046
12.827474141748567,80.03900815776156,Potheri Main Rd,Robbery,11,2020,12,12,33,86.04141701929906
12.820441039887545,80.04119782413471,GST Rd,Theft,03,2021,15,13,16,29.26037909580129
12.821975678968409,80.04451820115266,Chengalpattu-Thiruporur Rd,Vandalism,10,2022,16,13,14,20.054932499176726
12.826202223127273,80.0351783673837,SRM Main Rd,Robbery,11,2021,6,9,3,14.673347968411555
12.821195218477857,80.04316337667274,Potheri Main Rd,Assault,10,2022,20,1,58,33.90525141085531
12.838735544762676,80.05142335751806,Thiruvanchery Rd,Robbery,04,2022,15,7,39,76.0617489819341
12.824596363905536,80.03671072930388,SRM Main Rd,Vandalism,05,2020,13,6,44,45.865195699527774
12.82473885627886,80.04515039926545,Chengalpattu-Thiruporur Rd,Assault,05,2020,1,18,11,6.671184996001822
12.836173708302834,80.034016274978,GST Rd,Assault,08,2022,3,21,14,17.47690934165299
12.830768400102546,80.04340805758564,Thiruvanchery Rd,Drug-related,09,2022,8,21,47,54.93686799948006
12.837049699440353,80.04352070409215,SRM Main Rd,Drug-related,08,2022,17,2,7,78.96026632063467
12.827081295989082,80.0340957203392,SRM Main Rd,Sexual assault,09,2020,11,3,42,57.747396352007776
12.832915112025288,80.03319323045763,Potheri Main Rd,Assault,08,2020,8,20,36,98.73096685052886
12.838121203906308,80.03426191042104,SRM Main Rd,Vandalism,02,2020,20,22,45,98.35207689925561
12.839712426078313,80.04695076437359,Chengalpattu-Thiruporur Rd,Assault,09,2020,7,23,0,24.656691620456773
12.828010910102824,80.03636300445567,Potheri Main Rd,Assault,02,2020,22,19,35,10.70436268482461
12.827897829996001,80.04650544009725,Potheri Main Rd,Sexual assault,10,2022,15,19,58,68.5030103212687
12.823923042910863,80.03893454546188,Thiruvanchery Rd,Drug-related,05,2021,27,1,29,28.748187514543567
12.832104185386408,80.0431090341415,Thiruvanchery Rd,Theft,12,2021,12,20,53,66.9575496431309
12.826359954045701,80.05044837931095,Chengalpattu-Thiruporur Rd,Theft,05,2022,22,14,59,80.1285693826652
12.83410484044394,80.04715435629825,Chengalpattu-Thiruporur Rd,Vandalism,04,2020,22,20,2,47.635220408456505
12.828570865646569,80.0438610894974,Thiruvanchery Rd,Robbery,12,2020,5,21,50,11.301425151266109
12.830038476555579,80.04155845113056,Potheri Main Rd,Theft,03,2021,11,1,33,68.38974967416479
12.836764624513105,80.04075744943121,Chengalpattu-Thiruporur Rd,Theft,02,2020,15,17,58,75.08455186264898
12.834469616820908,80.03631993966658,GST Rd,Robbery,10,2022,28,22,34,88.41245514601897
12.836100196748287,80.0433725797526,SRM Main Rd,Sexual assault,04,2021,7,20,7,29.13865260254157
12.824343321751225,80.03741963838654,Thiruvanchery Rd,Sexual assault,08,2022,10,21,40,13.27079455094009
12.826669343997954,80.04533775858546,Chengalpattu-Thiruporur Rd,Sexual assault,10,2021,17,22,28,99.67029527697004
12.821006964264484,80.04324294610724,GST Rd,Robbery,07,2021,17,13,35,43.65242459343045
12.839683493551638,80.04032428090797,GST Rd,Assault,11,2021,3,10,12,56.357035314410666
12.827552532806683,80.04811821482272,SRM Main Rd,Theft,07,2021,8,13,26,19.569573122794502
12.827791058331602,80.04385659948903,SRM Main Rd,Sexual assault,07,2020,26,6,9,95.39419761193811
12.828400582222823,80.03691029086778,Potheri Main Rd,Robbery,08,2022,18,1,27,52.20066300294055
12.83163834645699,80.03507770615438,Chengalpattu-Thiruporur Rd,Drug-related,07,2021,21,15,34,20.408220400045817
12.82234819463653,80.0473216844298,Chengalpattu-Thiruporur Rd,Assault,07,2021,21,7,1,11.320181980503152
12.822732559446342,80.03517671193812,GST Rd,Drug-related,08,2021,15,14,46,51.20898785472108
12.826482150358103,80.03914797296959,Chengalpattu-Thiruporur Rd,Vandalism,12,2020,8,12,2,45.84554554225294
12.828771349253012,80.0434170173192,Potheri Main Rd,Drug-related,02,2022,4,14,16,65.4499106893524
12.82764099400443,80.03632343734931,SRM Main Rd,Drug-related,11,2020,7,15,26,71.17186803398856
12.83191657363231,80.03945809939997,GST Rd,Sexual assault,12,2021,19,0,54,70.2378350414778
12.83698060417126,80.0391364139171,Potheri Main Rd,Drug-related,12,2020,28,8,59,21.073625091840587
12.822008951145406,80.04584856769752,Chengalpattu-Thiruporur Rd,Vandalism,09,2021,26,16,7,16.070230081467653
12.826615416747744,80.03243150733826,SRM Main Rd,Sexual assault,03,2020,26,8,20,59.12027905084838
12.82854554189552,80.04224772251304,Potheri Main Rd,Theft,12,2022,5,19,21,18.520951234873273
12.830430049412502,80.03768670160412,Thiruvanchery Rd,Robbery,07,2020,7,18,9,18.8885727624576
12.82702587623155,80.03677563864473,GST Rd,Robbery,04,2022,22,15,28,99.31179484765252
12.83263650589329,80.03610322467402,SRM Main Rd,Sexual assault,12,2022,26,19,47,56.53508429794309
12.832149718676735,80.03929574153295,Chengalpattu-Thiruporur Rd,Robbery,12,2020,11,12,1,30.791897837719283
12.832749593605639,80.03706732003367,Potheri Main Rd,Assault,12,2021,8,3,27,23.376218546694183
12.823871458908023,80.04230378889979,GST Rd,Robbery,01,2022,19,7,6,12.99678807896283
12.838193345879102,80.03450953925012,Thiruvanchery Rd,Sexual assault,04,2020,17,8,20,4.876225089609621
12.833983776728738,80.03935802404018,Thiruvanchery Rd,Robbery,07,2020,14,8,37,63.2054995306145
12.839188836872824,80.05111035358405,Thiruvanchery Rd,Drug-related,05,2022,17,2,50,46.57551371985713
12.839083003704758,80.04675538030749,SRM Main Rd,Drug-related,11,2021,13,13,2,90.8809950986031
12.82849399628865,80.04796376134254,SRM Main Rd,Sexual assault,07,2022,8,10,15,86.39320683658904
12.82896342546965,80.05136721779652,Chengalpattu-Thiruporur Rd,Assault,02,2022,16,10,42,81.04963692911078
12.830634943018437,80.04575040884426,Potheri Main Rd,Drug-related,10,2020,1,6,15,29.844414429277354
12.828533355699472,80.03538020238655,Thiruvanchery Rd,Robbery,08,2020,24,7,48,88.54403085876163
12.822663606023747,80.03609539176034,Chengalpattu-Thiruporur Rd,Theft,01,2020,27,20,43,48.55777625820179
12.824469010957337,80.04073037398733,SRM Main Rd,Vandalism,08,2022,17,12,33,60.39516731680795
12.821159930627958,80.03882743190826,Chengalpattu-Thiruporur Rd,Drug-related,05,2020,10,22,36,34.08513874304252
12.82269258859373,80.04265645430098,Thiruvanchery Rd,Drug-related,06,2022,7,13,26,21.097407810859004
12.832334285360105,80.0477279315676,Potheri Main Rd,Drug-related,09,2021,4,4,0,37.20380527258145
12.823492995750367,80.03662882652235,Thiruvanchery Rd,Theft,05,2020,5,0,44,46.660530640845685
12.834011906646488,80.03456394227686,Chengalpattu-Thiruporur Rd,Vandalism,03,2022,20,21,26,59.1358826711202
12.83254855906934,80.03972020013012,SRM Main Rd,Robbery,02,2022,24,12,25,53.53274709156561
12.82809543360735,80.03767419492026,Chengalpattu-Thiruporur Rd,Theft,11,2020,7,19,56,5.115771204304453
12.836643056003965,80.05123145444304,GST Rd,Vandalism,12,2020,11,13,31,81.3537670379043
12.824243781153069,80.03892033726656,SRM Main Rd,Sexual assault,03,2022,21,11,53,96.56546975254078
12.834555992602093,80.0384140194778,Chengalpattu-Thiruporur Rd,Drug-related,10,2022,2,17,23,68.4427740975268
12.835690826874684,80.0320675084871,SRM Main Rd,Vandalism,12,2020,26,4,20,49.27989493440449
12.821868054634788,80.05129017880544,Thiruvanchery Rd,Assault,10,2022,16,13,53,55.885996390366365
12.823107867241603,80.04437144938515,Thiruvanchery Rd,Sexual assault,11,2020,16,2,37,67.65896439147578
12.823271154372746,80.03759447069191,GST Rd,Theft,05,2020,10,3,33,23.36206172142541
12.835700570194653,80.04944879978446,Potheri Main Rd,Drug-related,12,2020,3,21,47,60.15309244568032
12.839462955941004,80.03575286807292,Chengalpattu-Thiruporur Rd,Theft,01,2021,23,11,13,89.88175247188347
12.823288888481185,80.03256849650542,Thiruvanchery Rd,Sexual assault,09,2021,13,16,34,70.78631656121479
12.824580860542346,80.04625463603577,Thiruvanchery Rd,Sexual assault,11,2020,20,20,51,41.254143679596865
12.82404982270535,80.04826860552551,Potheri Main Rd,Assault,07,2022,3,22,12,65.42981903064099
12.821994300597726,80.04868803929811,Thiruvanchery Rd,Drug-related,06,2021,7,2,57,96.41573318944367
12.839091659722111,80.03688537115112,Thiruvanchery Rd,Robbery,06,2021,6,15,59,63.02166519916555
12.82396197729985,80.03208305923057,SRM Main Rd,Theft,11,2020,18,10,51,4.668187685103032
12.831386728696215,80.04624865720143,Potheri Main Rd,Robbery,01,2022,22,20,44,53.29519953197824
12.840138124959418,80.03380071782303,GST Rd,Robbery,08,2022,6,5,32,90.36529182641888
12.827754967997352,80.05133694529924,Potheri Main Rd,Theft,03,2020,26,21,30,94.56352241027176
12.825569867547724,80.04903647547943,Potheri Main Rd,Drug-related,03,2022,8,15,11,73.38903571465035
12.833084151412104,80.04893673897189,GST Rd,Sexual assault,12,2020,21,16,42,33.92688955975009
12.833795556688338,80.03523812872227,Potheri Main Rd,Sexual assault,11,2020,23,16,27,75.36325780860798
12.83555929042546,80.03891976231854,Chengalpattu-Thiruporur Rd,Drug-related,03,2022,4,3,37,51.905273186599445
12.83386536015523,80.03357979501678,Chengalpattu-Thiruporur Rd,Vandalism,01,2020,13,19,24,8.720098153479173
12.822258962500078,80.04314718798373,SRM Main Rd,Vandalism,01,2022,21,7,14,46.44227550512072
12.836304884301988,80.04277710397417,Thiruvanchery Rd,Theft,03,2022,19,23,45,2.980461908287102
12.835062195499855,80.04117661612524,Thiruvanchery Rd,Vandalism,12,2020,25,1,56,85.32037556387488
12.82803050930086,80.04559051871784,SRM Main Rd,Sexual assault,06,2020,14,11,28,47.10381623241703
12.834704576082421,80.0430744153849,SRM Main Rd,Theft,05,2022,14,20,51,14.568418454493404
12.835996967603853,80.05001982896611,Potheri Main Rd,Sexual assault,09,2021,28,12,11,68.73137710664652
12.824570626531855,80.03788109792428,Thiruvanchery Rd,Sexual assault,01,2022,12,18,29,34.67457461977086
12.830165286117426,80.04029971920237,Thiruvanchery Rd,Vandalism,02,2020,9,20,17,38.4555535528439
12.829166361314735,80.04382604753911,SRM Main Rd,Vandalism,07,2020,17,22,12,10.936367283122706
12.833946825052472,80.04418530976693,SRM Main Rd,Sexual assault,03,2022,20,1,40,35.03277293009449
12.834639081873583,80.03170293441013,Thiruvanchery Rd,Vandalism,07,2020,1,9,53,43.14766475345826
12.821528622218185,80.03207330968186,Thiruvanchery Rd,Sexual assault,08,2022,16,15,40,42.96356305939328
12.831779028982405,80.04200085807207,GST Rd,Sexual assault,12,2021,16,13,46,72.12001358439952
12.823978867336292,80.04555149474231,SRM Main Rd,Drug-related,05,2020,9,17,48,21.081975753259606
12.838699700896244,80.0512482107717,Chengalpattu-Thiruporur Rd,Vandalism,04,2021,7,3,50,1.9066233384023024
12.832819775830602,80.03160985990297,SRM Main Rd,Theft,06,2022,13,2,48,93.19682984121197
12.824102391500224,80.04491907946998,Thiruvanchery Rd,Assault,04,2020,24,18,40,26.728778970819832
12.833366049123214,80.04872522056449,Chengalpattu-Thiruporur Rd,Theft,02,2022,17,6,27,40.36819817423726
12.825393988567582,80.05065130789562,GST Rd,Sexual assault,03,2020,22,23,18,71.40856947436312
12.823963322770215,80.03771231918827,Chengalpattu-Thiruporur Rd,Drug-related,03,2020,11,1,40,47.84253711191448
12.82878785315742,80.04501530509592,Potheri Main Rd,Vandalism,04,2022,24,3,40,61.99437720907666
12.830170954268556,80.03547564960934,GST Rd,Vandalism,01,2022,10,5,24,53.539915441287846
12.835785214824378,80.04309754528784,SRM Main Rd,Drug-related,01,2021,13,4,24,38.33954475513166
12.8391760695561,80.04130318686094,Potheri Main Rd,Sexual assault,06,2020,2,19,48,52.654230741358
12.827923542244397,80.04696724833882,SRM Main Rd,Drug-related,07,2022,7,21,37,49.365040492999036
12.833749822534086,80.0451171928316,Chengalpattu-Thiruporur Rd,Assault,12,2021,13,23,7,3.793846084925079
12.821312659385928,80.0441270007784,Chengalpattu-Thiruporur Rd,Drug-related,01,2020,15,6,46,79.86637295255342
12.821295843956689,80.03945955041304,Potheri Main Rd,Drug-related,04,2020,4,20,34,92.3125228005989
12.839417630037383,80.03358271090154,SRM Main Rd,Sexual assault,12,2020,22,3,34,44.980708683442884
12.836907586233366,80.04014974285126,Thiruvanchery Rd,Vandalism,09,2020,2,5,41,8.648153608143316
12.826754717937122,80.04331220511729,GST Rd,Robbery,11,2021,19,18,32,8.596189056675929
12.835457142887186,80.03477813126096,GST Rd,Drug-related,10,2020,2,1,12,76.98752226936732
12.829295059505961,80.05018947998808,Thiruvanchery Rd,Vandalism,01,2021,4,19,2,94.66703037463677
12.821728798285088,80.03260772224593,Chengalpattu-Thiruporur Rd,Vandalism,09,2020,1,3,21,61.91443726649722
12.836864806537466,80.04891781344773,Potheri Main Rd,Robbery,07,2020,22,12,28,66.74435730253666
12.836471061714803,80.03230543188938,Potheri Main Rd,Robbery,10,2021,24,22,32,48.57413312191012
12.829948867306564,80.03883935724058,Chengalpattu-Thiruporur Rd,Drug-related,06,2021,4,20,51,95.93593593247446
12.836353571890767,80.04056374510499,Thiruvanchery Rd,Vandalism,08,2020,14,18,44,22.43426591887533
12.827221714782395,80.03225143909943,SRM Main Rd,Assault,07,2021,24,4,26,52.27376120635182
12.826929419395285,80.0324078885575,SRM Main Rd,Drug-related,01,2022,3,0,45,28.3304871719558
12.825655940632698,80.04551581067342,Potheri Main Rd,Drug-related,07,2022,24,18,22,13.866374253416868
12.824107041558229,80.04722861383975,GST Rd,Theft,03,2021,17,3,18,34.76438874565613
12.838384791223906,80.04406394124527,SRM Main Rd,Robbery,02,2022,3,5,22,45.96489083378857
12.8293653305135,80.03510763601511,GST Rd,Robbery,10,2020,13,7,17,57.03467524358323
12.831216314575713,80.04647608928276,SRM Main Rd,Vandalism,04,2022,11,11,59,95.30953256489181
12.832088769461523,80.03904885811201,Potheri Main Rd,Robbery,10,2020,18,16,19,98.05218712111498
12.832655055207367,80.04975517559971,Chengalpattu-Thiruporur Rd,Assault,12,2020,22,13,43,39.27167469767758
12.83859193231097,80.0387819672144,SRM Main Rd,Vandalism,02,2022,25,22,10,98.19960252059087
12.83565396401418,80.03427914178324,Chengalpattu-Thiruporur Rd,Assault,10,2020,16,7,0,60.63863316990103
12.824519765116063,80.04103620287175,Chengalpattu-Thiruporur Rd,Robbery,11,2020,23,18,38,13.07173539483828
12.826404893524872,80.03339958464971,Chengalpattu-Thiruporur Rd,Theft,01,2020,7,15,0,19.857541997505823
12.830752388401493,80.0378729257753,Thiruvanchery Rd,Theft,07,2021,6,8,11,7.415384380770506
12.830747460982675,80.04800775064732,SRM Main Rd,Sexual assault,10,2020,12,15,18,27.793337067903067
12.822802728095022,80.04091095241652,Chengalpattu-Thiruporur Rd,Theft,05,2021,26,15,33,44.19075425923528
12.822914252785411,80.0436871753432,SRM Main Rd,Theft,03,2022,17,14,37,98.51537250793915
12.825567317834395,80.04477656966544,Chengalpattu-Thiruporur Rd,Assault,07,2022,22,19,26,73.60404321535073
12.836929924503066,80.04474374933497,SRM Main Rd,Theft,11,2020,28,21,26,63.610558820335804
12.82591655963304,80.0323381670454,Thiruvanchery Rd,Drug-related,01,2020,4,17,2,51.101760846588284
12.82191768388135,80.0514484517778,Potheri Main Rd,Theft,05,2020,15,8,6,11.717444207104489
12.825219589263959,80.04500048579699,SRM Main Rd,Vandalism,07,2020,21,4,10,92.14530040734111
12.820375762266261,80.0380427712611,SRM Main Rd,Assault,08,2022,15,7,16,78.25233169140812
12.833386559432691,80.04705069242148,Thiruvanchery Rd,Drug-related,04,2022,19,19,25,91.68541107317236
12.831613699121206,80.0316621209142,Thiruvanchery Rd,Sexual assault,10,2021,25,5,40,56.303199374301016
12.831291304739539,80.0371083970448,GST Rd,Sexual assault,07,2022,1,14,54,41.20137787308865
12.823639473947404,80.03798413692412,Chengalpattu-Thiruporur Rd,Assault,07,2022,1,8,30,60.9683335942635
12.836900439129606,80.04406611064313,Chengalpattu-Thiruporur Rd,Assault,02,2022,23,4,50,93.47455266508715
12.830929535947597,80.03335647653702,Chengalpattu-Thiruporur Rd,Sexual assault,10,2021,7,15,13,98.23388573038008
12.82099606897351,80.04733982286838,Potheri Main Rd,Theft,07,2020,9,7,46,30.910128343660258
12.837867077093945,80.03735120756592,Potheri Main Rd,Robbery,05,2022,21,4,44,14.01474918747294
12.839719010236115,80.03714818165301,Chengalpattu-Thiruporur Rd,Theft,04,2022,8,11,7,41.7070668555525
12.831654445004627,80.05121935333237,Chengalpattu-Thiruporur Rd,Sexual assault,03,2022,17,16,27,51.117645487062944
12.823481900775691,80.04034607046567,GST Rd,Robbery,05,2021,21,6,4,86.91358505455834
12.824819707672543,80.04843825161855,GST Rd,Drug-related,02,2020,7,6,28,12.466107894102851
12.840020850588633,80.04345563907435,Potheri Main Rd,Drug-related,12,2022,3,22,41,49.81254980840002
12.837641042719229,80.05001475335992,Chengalpattu-Thiruporur Rd,Vandalism,02,2020,21,14,27,41.30231832963459
12.83355132544822,80.04450585576662,SRM Main Rd,Vandalism,01,2022,3,9,13,77.98330421818073
12.82987884757107,80.04274163752719,Thiruvanchery Rd,Theft,11,2022,8,18,53,77.63152079800935
12.835381822126136,80.05085917195971,GST Rd,Sexual assault,05,2022,11,19,12,87.34175372478745
12.825359422166905,80.05016754211033,SRM Main Rd,Drug-related,09,2020,8,10,6,20.87968738608256
12.83593938479226,80.03479565710859,Thiruvanchery Rd,Assault,05,2020,25,1,18,21.55139267378665
12.837870996315896,80.04336581706741,Chengalpattu-Thiruporur Rd,Robbery,10,2021,16,1,59,51.371180479814385
12.82767151722755,80.03232540996395,GST Rd,Theft,01,2022,8,17,47,5.294476199282149
12.833629256157913,80.03943646935052,Chengalpattu-Thiruporur Rd,Robbery,12,2021,16,1,19,77.97928010287644
12.836260303591176,80.0375806580138,Potheri Main Rd,Assault,01,2022,5,5,54,43.6139007460983
12.831239615368201,80.04425148773082,Chengalpattu-Thiruporur Rd,Vandalism,07,2022,1,10,29,61.31932483559366
12.834184108748705,80.03584064757256,Thiruvanchery Rd,Robbery,08,2020,21,8,59,80.16875617489072
12.830455402054568,80.04393274914113,GST Rd,Sexual assault,01,2021,4,9,58,39.19285208636348
12.83005848693701,80.04372900106625,Thiruvanchery Rd,Vandalism,07,2022,16,21,4,65.0425150146719
12.827981033058412,80.0467086495545,Chengalpattu-Thiruporur Rd,Vandalism,01,2022,4,7,50,6.249677269179976
12.82703070973773,80.04637590767119,GST Rd,Vandalism,10,2022,9,6,32,93.7801277941609
12.839542240064073,80.03701609350153,Chengalpattu-Thiruporur Rd,Vandalism,02,2022,5,22,33,56.409559673948884
12.825803822375079,80.03285475087091,Chengalpattu-Thiruporur Rd,Vandalism,03,2020,18,21,41,23.37996101668416
12.828871260098978,80.05093303691987,GST Rd,Drug-related,01,2022,15,9,22,98.56140024972585
12.83718819386681,80.03373082929303,Chengalpattu-Thiruporur Rd,Sexual assault,12,2021,3,2,53,93.71505229824649
12.839132478452214,80.04169077610574,Potheri Main Rd,Assault,11,2022,5,15,41,7.693843457170734
12.83481305634829,80.04268490121684,GST Rd,Drug-related,11,2020,14,9,36,30.55394705937039
12.827146572352431,80.03796825092783,SRM Main Rd,Theft,08,2020,25,2,12,87.61718330695697
12.820966767778662,80.04912009639014,SRM Main Rd,Robbery,06,2022,10,18,55,40.27283969155957
12.822831091479019,80.0491970636135,SRM Main Rd,Sexual assault,12,2022,21,1,49,9.82010790969886
12.82780507099455,80.0349057182877,Potheri Main Rd,Sexual assault,03,2022,1,1,34,40.81082314054101
12.827821896751452,80.04384698161145,GST Rd,Sexual assault,02,2021,12,3,13,76.34993408331238
12.833485473125748,80.0466664972812,Potheri Main Rd,Theft,09,2021,27,9,24,75.8540088826569
12.838813600938789,80.04315972020187,Thiruvanchery Rd,Assault,12,2021,20,16,28,87.20490383226166
12.822608268874166,80.03654291856108,Thiruvanchery Rd,Sexual assault,10,2021,21,0,38,88.2173779288204
12.836434836625532,80.03992449815793,Potheri Main Rd,Robbery,09,2021,20,13,19,51.056898964330664
12.831750804077496,80.03760622604469,GST Rd,Sexual assault,09,2021,23,3,58,60.197795956960356
12.828216624485332,80.0483674846636,Thiruvanchery Rd,Sexual assault,02,2020,12,17,2,69.08072360051293
12.82330912733193,80.03261826832168,Thiruvanchery Rd,Vandalism,12,2022,16,3,7,12.902037609236805
12.822056342544752,80.03943525498275,Thiruvanchery Rd,Drug-related,08,2022,8,10,44,9.014946125566292
12.820846565660652,80.04350903735951,Chengalpattu-Thiruporur Rd,Assault,09,2020,25,19,42,96.70597798354362
12.827714383796838,80.03464353096976,Chengalpattu-Thiruporur Rd,Assault,01,2022,6,2,4,86.50699198297467
12.820636965592412,80.04212209368747,GST Rd,Vandalism,11,2020,5,15,13,56.04256879929777
12.825082284042253,80.03476944055149,Chengalpattu-Thiruporur Rd,Robbery,01,2021,1,20,10,62.02723396220927
12.82259543695459,80.04104763273865,Chengalpattu-Thiruporur Rd,Theft,12,2021,10,17,51,75.78008074432621
12.822267675203815,80.04865987610847,SRM Main Rd,Assault,10,2022,7,16,3,25.62784888319891
12.822696267784808,80.04956212605505,SRM Main Rd,Theft,06,2020,4,13,33,49.06794048842414
12.835835735419822,80.0364079425548,Chengalpattu-Thiruporur Rd,Vandalism,01,2020,10,8,41,2.637078125732495
12.834915126205559,80.04437727010966,GST Rd,Sexual assault,02,2022,18,20,59,26.582747192887744
12.836558922819915,80.03456876310739,GST Rd,Drug-related,05,2021,22,7,43,55.12121996867933
12.825467171829825,80.04664609801897,GST Rd,Assault,07,2022,3,22,35,53.28428370765821
12.827718510356547,80.04013824825533,Chengalpattu-Thiruporur Rd,Theft,04,2022,23,4,48,73.1763357855841
12.824761834148376,80.04019206339439,Potheri Main Rd,Drug-related,12,2022,6,1,20,62.36496779665678
12.832246320562552,80.04597326272027,Chengalpattu-Thiruporur Rd,Vandalism,04,2021,3,20,5,57.3230612735699
12.823776353109162,80.04532005051725,Chengalpattu-Thiruporur Rd,Vandalism,01,2022,12,1,41,10.71169460676723
12.829331820188678,80.03562068620245,SRM Main Rd,Robbery,08,2022,4,3,54,97.78082942679816
12.826125229356359,80.04556487219213,GST Rd,Sexual assault,09,2020,7,8,17,94.15503724012812
12.839827176480288,80.04079856672543,Thiruvanchery Rd,Theft,10,2022,19,6,9,13.3552602115243
12.83728915892161,80.05120134115607,Thiruvanchery Rd,Assault,12,2021,4,23,1,11.000800118862164
12.829907799298624,80.04702502788221,Thiruvanchery Rd,Assault,04,2020,28,15,31,20.28828395046628
12.822337745611255,80.03531627017325,GST Rd,Vandalism,02,2022,13,9,33,45.32289697448779
12.824432372710818,80.03499258958522,Chengalpattu-Thiruporur Rd,Vandalism,10,2021,13,19,25,73.19763410619741
12.826707839004689,80.04092148702591,Chengalpattu-Thiruporur Rd,Assault,02,2021,16,17,57,20.925222097313856
12.822546374481584,80.03821125631538,Chengalpattu-Thiruporur Rd,Vandalism,01,2021,4,20,27,90.66335792429044
12.834034919248646,80.03671957806087,Chengalpattu-Thiruporur Rd,Assault,08,2022,21,21,46,34.72126489411461
12.834853370278212,80.04672585848874,Potheri Main Rd,Drug-related,11,2021,9,11,14,35.21396261588989
12.82860875313448,80.04151843980115,Potheri Main Rd,Robbery,02,2022,1,3,4,63.35158134436669
12.822453842442668,80.04719205130834,Potheri Main Rd,Vandalism,06,2022,5,20,56,48.052737522230046
12.824128119161685,80.04183986199183,Chengalpattu-Thiruporur Rd,Drug-related,10,2021,4,8,25,0.04682629770932367
12.827799075699312,80.03768879384108,GST Rd,Drug-related,11,2021,2,15,14,92.3616247631601
12.839316728073365,80.05022338131694,SRM Main Rd,Sexual assault,11,2021,14,13,26,16.47444554954822
12.836237015309244,80.03740674488732,SRM Main Rd,Drug-related,11,2020,9,12,59,44.983765283982855
12.836297903272358,80.03536696872857,Chengalpattu-Thiruporur Rd,Sexual assault,03,2021,3,8,13,70.17768019007714
12.82892483594713,80.03956601488565,SRM Main Rd,Drug-related,05,2022,14,1,11,11.268916954964359
12.82036355103774,80.03337853516337,GST Rd,Assault,07,2022,18,18,7,11.077705874939303
12.833704610025483,80.05029613966025,SRM Main Rd,Assault,08,2021,13,20,51,63.01553800171861
12.835218357027701,80.0468043712641,Chengalpattu-Thiruporur Rd,Assault,07,2021,22,3,7,1.7140990696497882
12.830943937615665,80.03293261527043,GST Rd,Sexual assault,08,2022,7,22,21,58.75848918096233
12.83620864392115,80.04308425204026,Chengalpattu-Thiruporur Rd,Robbery,02,2020,3,23,19,3.41690689725056
12.8380362516561,80.04140083080613,SRM Main Rd,Robbery,02,2022,4,17,31,73.90502717771913
12.825051195106363,80.03873678256338,Thiruvanchery Rd,Sexual assault,09,2022,7,2,31,53.8722285862832
12.829999098593397,80.04564059801336,Chengalpattu-Thiruporur Rd,Vandalism,07,2021,3,18,15,3.909418437697465
12.834044605392183,80.04855644211028,Thiruvanchery Rd,Drug-related,07,2021,9,15,56,51.42666173372565
12.836540321848966,80.04921888509122,Thiruvanchery Rd,Sexual assault,08,2021,7,10,19,23.162576859724904
12.824443830678431,80.04886029020894,GST Rd,Vandalism,07,2021,23,2,35,68.65289232135598
12.837101195676016,80.0504023322219,Chengalpattu-Thiruporur Rd,Drug-related,01,2020,3,6,53,30.427987242609422
12.833053977309806,80.03478398189102,Thiruvanchery Rd,Drug-related,10,2020,17,4,53,93.03368601164765
12.837779323239976,80.04183840129713,Potheri Main Rd,Theft,05,2021,18,3,39,76.57296845083663
12.828567803722592,80.03769689529435,GST Rd,Assault,01,2022,5,12,13,21.76466893212069
12.83708343428024,80.03360077311416,SRM Main Rd,Sexual assault,09,2022,15,9,33,36.646668847407426
12.824798766724792,80.03583380468636,Chengalpattu-Thiruporur Rd,Assault,04,2022,17,2,6,23.938201323568887
12.835077632655606,80.03601939058733,SRM Main Rd,Drug-related,01,2020,22,17,57,47.134020048115325
12.837556593806209,80.0395862089235,Potheri Main Rd,Sexual assault,07,2020,14,5,19,18.218491148350104
12.829189366505597,80.04673213241905,Chengalpattu-Thiruporur Rd,Drug-related,05,2022,21,16,59,67.63743203609168
12.832180616200684,80.03895363433169,Thiruvanchery Rd,Robbery,07,2021,10,7,52,19.766964314246394
12.83840651493235,80.04328869712343,Thiruvanchery Rd,Robbery,05,2021,16,8,14,32.466983914489255
12.834766512764867,80.03839163338623,Thiruvanchery Rd,Assault,06,2022,14,21,48,16.18074108885772
12.832786121417975,80.04605240829851,SRM Main Rd,Theft,10,2022,18,11,33,25.74807854281389
12.833970644843125,80.0354262386782,Potheri Main Rd,Sexual assault,07,2022,1,6,54,70.20359915444881
12.832262465941156,80.05059460023917,GST Rd,Sexual assault,04,2020,1,22,57,66.06347116459861
12.836998452329084,80.03565951144802,GST Rd,Sexual assault,06,2021,10,5,39,62.67125460835188
12.840195207698327,80.03775919949783,Thiruvanchery Rd,Vandalism,02,2021,26,17,34,63.98728882254577
12.833920090340266,80.04331869335614,Thiruvanchery Rd,Theft,10,2021,27,10,30,62.44172481806876
12.831931078120798,80.0425599350121,Chengalpattu-Thiruporur Rd,Vandalism,06,2020,11,9,39,76.7984160125062
12.824673332505734,80.04744470472231,Chengalpattu-Thiruporur Rd,Sexual assault,06,2021,27,14,3,99.161581041918
12.832356584861206,80.03416566052323,GST Rd,Vandalism,12,2020,7,5,22,42.08584021096491
12.829619146520704,80.04529107293392,Potheri Main Rd,Assault,02,2021,9,3,40,17.163504918402516
12.824245772605778,80.03834876686996,Thiruvanchery Rd,Vandalism,02,2021,3,9,13,25.615154351110505
12.830157844284429,80.04826221319672,Thiruvanchery Rd,Vandalism,06,2020,26,4,6,51.654562398938985
12.839370541353535,80.03809898214962,GST Rd,Vandalism,01,2020,21,12,23,82.85475452511193
12.824878394560411,80.04042546415297,Potheri Main Rd,Robbery,01,2021,26,10,19,30.400175284801367
12.826028844706928,80.04266138454165,Chengalpattu-Thiruporur Rd,Sexual assault,09,2020,25,13,52,87.73487250999834
12.828129433036551,80.03170607459703,Chengalpattu-Thiruporur Rd,Assault,08,2021,23,20,27,27.56280449072934
12.820330650214123,80.03473183731039,SRM Main Rd,Vandalism,12,2020,3,2,49,72.56664566488892
12.832948756131191,80.04072770864117,GST Rd,Robbery,04,2022,17,7,54,95.96900443794068
12.826423728064823,80.04980980238192,SRM Main Rd,Theft,07,2022,20,11,58,96.8404789146092
12.824825194475142,80.04451974030665,Thiruvanchery Rd,Vandalism,12,2021,27,13,55,91.50014637297282
12.831106603221917,80.0364918572141,SRM Main Rd,Theft,02,2021,15,17,16,27.535949140628702
12.830655703773859,80.03791653785915,Thiruvanchery Rd,Drug-related,10,2022,14,11,15,16.30148707736553
12.83244379617807,80.04297066192409,GST Rd,Robbery,01,2022,27,19,22,93.87179582801501
12.835541491419372,80.03419709351124,Chengalpattu-Thiruporur Rd,Vandalism,05,2021,8,15,23,52.40408037305102
12.830654069746693,80.0427526340109,SRM Main Rd,Vandalism,12,2020,11,14,19,36.54681021783328
12.836975179172239,80.03301644209242,Chengalpattu-Thiruporur Rd,Sexual assault,07,2021,12,22,37,43.14467791759123
12.839986234760158,80.04218278268165,Thiruvanchery Rd,Sexual assault,02,2020,12,11,55,50.78733661099092
12.822951107559357,80.0374622828646,Chengalpattu-Thiruporur Rd,Theft,02,2020,10,2,35,96.42702457684923
12.828354308882137,80.03659171946003,SRM Main Rd,Robbery,11,2020,1,11,13,19.249300914018352
12.823955385809867,80.05035080674361,Thiruvanchery Rd,Sexual assault,06,2020,26,3,20,94.6518043741171
12.831104639805478,80.04301631314026,Chengalpattu-Thiruporur Rd,Robbery,10,2022,5,13,55,92.67294005703505
12.824439115485674,80.04558481018584,Potheri Main Rd,Vandalism,08,2020,28,19,12,12.317298222329054
12.82304923440896,80.04613128388726,GST Rd,Drug-related,10,2020,21,14,45,61.77145360432259
12.838481147679195,80.03151318236132,SRM Main Rd,Robbery,05,2021,22,12,35,1.0146999928904554
12.8331456405817,80.0496727650908,Thiruvanchery Rd,Assault,02,2021,7,19,18,78.14381169878303
12.827491670669502,80.04482307955215,Chengalpattu-Thiruporur Rd,Theft,02,2022,12,12,17,50.54672110636182
12.830800857695024,80.03856728148618,GST Rd,Sexual assault,08,2021,18,22,54,49.75648277315911
12.82472512216534,80.04869159218383,GST Rd,Assault,09,2020,21,20,3,4.252679094505485
12.827863123003818,80.03646973095293,Chengalpattu-Thiruporur Rd,Assault,11,2020,2,1,26,11.866430898761571
12.83873883931916,80.04198425258406,Chengalpattu-Thiruporur Rd,Theft,06,2020,23,4,50,15.509265632489665
12.834559774662255,80.03503705881941,SRM Main Rd,Theft,07,2020,26,14,19,39.33554243865503
12.822654998508868,80.04635078506317,SRM Main Rd,Robbery,11,2020,3,3,17,88.2743231862631
12.832063453082657,80.03744961480534,SRM Main Rd,Drug-related,05,2021,28,15,28,34.73283514677601
12.835523676947739,80.03947504288519,Chengalpattu-Thiruporur Rd,Robbery,12,2022,16,4,50,71.03741658506176
12.83733175824097,80.03867638768634,SRM Main Rd,Vandalism,05,2020,19,5,19,60.44718111827525
12.82442056566217,80.05114522288017,Chengalpattu-Thiruporur Rd,Robbery,04,2020,13,16,38,84.97411191142513
12.824524963043293,80.04627724422464,Thiruvanchery Rd,Robbery,09,2022,9,22,21,78.65570512498905
12.839598537302354,80.05101940955578,Potheri Main Rd,Assault,11,2022,19,4,57,9.221422391319978
12.833587060930645,80.03414808875414,GST Rd,Theft,03,2021,19,20,59,77.37411667996426
12.824765378536206,80.03509488669629,Thiruvanchery Rd,Theft,06,2020,7,11,19,38.432762491328155
12.82286148237835,80.03947211548204,Thiruvanchery Rd,Assault,09,2022,6,13,58,60.534827059728016
12.836169720072645,80.04470961170749,Potheri Main Rd,Drug-related,09,2020,16,23,9,59.66405146711481
12.837647780430357,80.04286851643595,Thiruvanchery Rd,Vandalism,04,2020,8,13,0,44.41606001638464
12.820419123095162,80.04811398079478,Chengalpattu-Thiruporur Rd,Sexual assault,10,2020,9,9,44,74.59126099365355
12.828751038231312,80.04591446104631,Chengalpattu-Thiruporur Rd,Vandalism,06,2021,26,9,5,77.20798411721863
12.831576255293918,80.04971697108287,Potheri Main Rd,Sexual assault,06,2020,28,4,37,71.29235692758134
12.828710315653593,80.04012475469382,SRM Main Rd,Sexual assault,01,2020,4,6,47,60.14889687389391
12.840232172026273,80.0412587754072,GST Rd,Assault,09,2022,8,21,21,11.132290518353383
12.83981267695712,80.03399895222023,Potheri Main Rd,Assault,04,2020,1,12,37,12.97355514030729
12.839852555809214,80.04056201988259,Thiruvanchery Rd,Theft,07,2022,15,8,48,11.96370258789915
12.827520491384053,80.03998380385505,GST Rd,Drug-related,06,2022,14,19,35,93.38993423323672
12.838618887375892,80.0497048511855,Thiruvanchery Rd,Theft,04,2020,21,1,13,98.19520866086842
12.822293359058092,80.04926159664565,Potheri Main Rd,Assault,04,2021,6,15,19,65.53253446211717
12.83869289484545,80.04008547323167,Potheri Main Rd,Assault,07,2021,1,5,19,14.63986216584403
12.828998271538936,80.05148109766009,GST Rd,Robbery,04,2022,28,20,58,45.616200987114965
12.823048581875828,80.03350996727313,Chengalpattu-Thiruporur Rd,Theft,10,2020,4,9,46,67.97327372096915
12.821645780382124,80.04908169775038,Thiruvanchery Rd,Drug-related,10,2022,20,18,43,94.69213075324784
12.8207093261518,80.03827585344905,Thiruvanchery Rd,Theft,02,2020,21,6,34,92.19861934766693
12.83931803682726,80.03886440874133,Potheri Main Rd,Drug-related,07,2022,2,15,50,52.094633269390336
12.837100995298679,80.03380215422669,GST Rd,Robbery,05,2020,7,10,7,40.214802701042906
12.830167916298425,80.03830154001422,SRM Main Rd,Sexual assault,01,2020,17,13,36,75.03347557982708
12.836554487732776,80.03980589985142,GST Rd,Robbery,02,2020,10,7,20,15.954844470445284
12.820769792106956,80.0475809560456,Potheri Main Rd,Theft,09,2020,24,15,41,74.91190791604136
12.826062188644837,80.03594869392064,Thiruvanchery Rd,Vandalism,08,2022,12,9,31,99.14640285731909
12.834229125140729,80.04822391594206,Chengalpattu-Thiruporur Rd,Sexual assault,02,2020,6,21,55,91.4495384317429
12.833245525281303,80.03605720993995,SRM Main Rd,Vandalism,12,2020,22,11,23,18.698856711573207
12.838736492414883,80.03192011123578,Chengalpattu-Thiruporur Rd,Robbery,02,2020,11,18,39,80.82416198574454
12.829987969635383,80.03152209768855,Thiruvanchery Rd,Drug-related,01,2021,19,23,2,51.13685465108486
12.838236305844742,80.03818924214649,Thiruvanchery Rd,Robbery,12,2020,7,23,32,75.46849970836409
12.822932424971626,80.03369228327772,Thiruvanchery Rd,Theft,11,2021,8,17,14,39.21681950701155
12.831294498114929,80.04124841988059,Potheri Main Rd,Theft,11,2021,24,3,50,1.099863580450433
12.835699892872439,80.0363013717494,Thiruvanchery Rd,Theft,07,2022,24,14,50,68.75114709384658
12.826539699076452,80.03704021309669,Potheri Main Rd,Theft,09,2022,11,4,55,50.01164011635496
12.838596582811372,80.03958996176391,SRM Main Rd,Assault,03,2022,23,4,46,41.176492044905686
12.825734958046082,80.03709387920846,SRM Main Rd,Assault,10,2021,23,21,6,67.50284195958419
12.829312081744801,80.03842954039806,GST Rd,Drug-related,04,2021,18,16,37,3.790240243631593
12.83509092365292,80.03986784195223,Chengalpattu-Thiruporur Rd,Vandalism,01,2022,3,1,52,22.573045699275916
12.829580005208024,80.03617130006543,Thiruvanchery Rd,Drug-related,12,2021,22,3,42,33.6442888496583
12.83750570259791,80.03470246694003,Thiruvanchery Rd,Sexual assault,08,2021,20,15,24,72.29052251601507
12.820852502418857,80.0406611848259,Thiruvanchery Rd,Assault,12,2022,28,6,1,0.6944884380956973
12.824184893828392,80.04775144800811,SRM Main Rd,Sexual assault,09,2021,3,17,4,18.737531049602328
12.832422390424744,80.04725748739078,GST Rd,Theft,07,2020,26,5,44,27.114975413555918
12.838742296464227,80.0457347561741,Thiruvanchery Rd,Assault,11,2022,24,20,58,44.45587092454496
12.826073941313812,80.03689984044702,GST Rd,Theft,04,2020,23,17,17,70.9815712704183
12.83109726150941,80.03174506279504,SRM Main Rd,Sexual assault,10,2020,2,4,58,98.30384720029986
12.83108700833774,80.03528725330547,GST Rd,Sexual assault,10,2020,27,14,13,38.250507409317905
12.827132337552534,80.03846973957863,Thiruvanchery Rd,Theft,03,2021,20,15,56,55.99497602106555
12.82246206288125,80.04290219426896,Potheri Main Rd,Sexual assault,02,2022,19,15,3,7.652319964016263
12.838460908663393,80.04252681900743,GST Rd,Robbery,06,2020,20,11,2,31.86901798222923
12.829945493563848,80.05059869750386,SRM Main Rd,Sexual assault,06,2020,28,7,21,83.88569816302966
12.820752702043261,80.03984135083778,GST Rd,Theft,01,2021,1,11,25,67.0928377644413
12.834619082403057,80.04976329075943,Chengalpattu-Thiruporur Rd,Vandalism,10,2021,13,2,50,11.033638769134878
12.829192925136546,80.04273273802114,SRM Main Rd,Robbery,11,2021,22,11,59,85.55458756469118
12.835242374394946,80.03462625139865,Chengalpattu-Thiruporur Rd,Vandalism,07,2022,7,11,0,64.44749920002475
12.825244913252126,80.04847113773818,GST Rd,Drug-related,10,2020,7,19,53,6.251859939939608
12.831537337339059,80.05147538717624,Chengalpattu-Thiruporur Rd,Vandalism,09,2021,6,7,18,97.14768828386732
12.83198591506792,80.0396745288694,Thiruvanchery Rd,Drug-related,10,2020,6,6,12,65.84336567289635
12.837829299099443,80.04824844395402,SRM Main Rd,Sexual assault,02,2020,6,16,51,90.56221909941516
12.823225690483074,80.03555998208053,GST Rd,Sexual assault,04,2022,7,5,28,18.540505610059867
12.828886904839594,80.04751540488313,Chengalpattu-Thiruporur Rd,Drug-related,12,2022,17,12,5,65.19914961446706
12.827692494320127,80.05030895157583,Potheri Main Rd,Robbery,11,2021,26,14,52,33.77216061376647
12.835077725479314,80.03550369361045,Potheri Main Rd,Vandalism,02,2021,28,16,18,50.379185061786124
12.83354930272897,80.05072787691785,Chengalpattu-Thiruporur Rd,Theft,09,2020,23,14,49,3.6920544684968526
12.839784489375182,80.0491241447882,Thiruvanchery Rd,Vandalism,07,2022,1,6,55,99.81269183985259
12.838480038079721,80.05074511803751,Potheri Main Rd,Vandalism,10,2020,23,6,19,54.34345653725698
12.839439759601694,80.05148253949584,Potheri Main Rd,Sexual assault,07,2022,24,14,51,40.80380181207648
12.837401219735174,80.04434837979834,Chengalpattu-Thiruporur Rd,Assault,02,2022,4,4,41,30.33617109888207
12.82955284914017,80.05081793030247,Chengalpattu-Thiruporur Rd,Vandalism,10,2020,24,15,2,72.58029687842787
12.823499187947167,80.04116128818501,GST Rd,Sexual assault,12,2021,25,11,49,90.80655877935493
12.822133441951113,80.04244886859564,Thiruvanchery Rd,Vandalism,11,2021,28,7,58,57.3967286305522
12.830544574282115,80.04706926136983,Chengalpattu-Thiruporur Rd,Sexual assault,08,2022,14,19,23,33.10484466255647
12.82707923352557,80.04398011115724,Potheri Main Rd,Drug-related,03,2022,16,4,42,18.262148430610136
12.828531333626172,80.03344726963584,GST Rd,Theft,03,2020,15,9,12,35.516092540673625
12.83417767242674,80.04307424983007,Thiruvanchery Rd,Assault,11,2022,23,6,29,52.4841714015854
12.821303159936155,80.03427076341526,Thiruvanchery Rd,Vandalism,02,2021,10,1,36,16.59950768785806
12.840155824126237,80.05059986956886,SRM Main Rd,Drug-related,04,2020,17,6,34,35.44580960648243
12.82389817771851,80.05060270154245,SRM Main Rd,Theft,03,2021,2,6,0,64.91399326532465
12.830793172291662,80.05013767909331,Thiruvanchery Rd,Assault,12,2022,1,5,53,64.7776464738283
12.822115974671664,80.0480220563989,GST Rd,Sexual assault,01,2022,7,1,48,24.865541873012397
12.83226271183623,80.0326391584347,Potheri Main Rd,Vandalism,05,2020,9,16,1,78.73904980162544
12.820683342458643,80.04476489663632,GST Rd,Sexual assault,12,2021,17,16,58,64.23345515876949
12.820344144868452,80.04147337120641,GST Rd,Assault,03,2021,4,21,36,43.54871088365636
12.826826658539105,80.04724876195245,GST Rd,Theft,03,2021,4,7,44,60.98259698576697
12.822430821832691,80.03418831387103,GST Rd,Robbery,06,2020,11,22,3,34.30430357766746
12.834333124191005,80.04282621989357,Thiruvanchery Rd,Sexual assault,12,2021,23,10,37,69.43762917387413
12.82320373064528,80.04980259282983,SRM Main Rd,Vandalism,10,2022,3,7,57,37.18612867584111
12.825505495592505,80.04661986632075,SRM Main Rd,Robbery,02,2021,17,22,51,74.17089109832918
12.825511960645715,80.0413165065968,Potheri Main Rd,Robbery,07,2022,20,8,55,21.57742851845298
12.820451028677436,80.03904377603651,SRM Main Rd,Assault,10,2020,7,23,24,35.67663555319302
12.822880211227416,80.04879177401375,Thiruvanchery Rd,Theft,10,2020,11,21,35,68.35275284968606
12.830862527769458,80.04075107510349,SRM Main Rd,Theft,01,2021,13,23,59,36.87730150878503
12.82273841215381,80.0404673650197,Chengalpattu-Thiruporur Rd,Drug-related,04,2020,27,12,59,52.071148235372924
12.821882778064104,80.05147418351352,GST Rd,Sexual assault,04,2020,17,3,30,40.01688890793971
12.827828580343835,80.04177400182854,Potheri Main Rd,Drug-related,05,2021,18,15,54,40.44939160038976
12.828237751484117,80.03493156174177,GST Rd,Drug-related,01,2020,10,18,9,28.41423234889563
12.828087801183658,80.04323938494257,Chengalpattu-Thiruporur Rd,Assault,01,2022,27,8,23,48.331171625239335
12.820361643630578,80.04656026540557,Potheri Main Rd,Assault,08,2022,25,8,47,5.862537418804948
12.83561639457266,80.04322900085099,SRM Main Rd,Theft,05,2022,2,12,57,77.27526959224679
12.827033897647386,80.03579033296613,SRM Main Rd,Vandalism,10,2020,20,18,41,86.86253055173651
12.836849915725175,80.04349613424745,SRM Main Rd,Vandalism,06,2022,27,18,57,21.24766357514306
12.830984520346895,80.04814600622814,Potheri Main Rd,Drug-related,08,2020,27,18,26,13.409956997792172
12.83820006733823,80.03896840570108,Chengalpattu-Thiruporur Rd,Drug-related,03,2021,18,9,12,9.789803601005486
12.82501631150053,80.04194604294854,Potheri Main Rd,Sexual assault,04,2020,7,7,0,9.616862822287386
12.820672509196674,80.0513304299586,SRM Main Rd,Robbery,01,2022,21,11,58,50.960670557183676
12.832234325504867,80.03491271743789,GST Rd,Drug-related,07,2022,19,17,8,29.28663471758054
12.822733336806747,80.04355760552899,Chengalpattu-Thiruporur Rd,Robbery,12,2022,3,4,22,86.08795666007445
12.837954077668893,80.04104069719938,SRM Main Rd,Sexual assault,09,2021,20,3,49,53.38437928871379
12.82857081223138,80.03891142254243,Chengalpattu-Thiruporur Rd,Vandalism,03,2022,16,16,55,69.8127811850309
12.820915457342391,80.03470312734242,Potheri Main Rd,Sexual assault,04,2021,4,18,27,52.91771536460792
12.836672583597554,80.03776504542,SRM Main Rd,Drug-related,08,2022,28,0,41,34.727804133062946
12.835192829759933,80.05140235949233,SRM Main Rd,Robbery,11,2020,14,4,24,16.906328451816776
12.824559634298154,80.04209386159475,Chengalpattu-Thiruporur Rd,Sexual assault,11,2021,1,21,9,80.03594068864008
12.825304346000026,80.03868058318616,SRM Main Rd,Assault,01,2020,13,10,39,5.085316324067635
12.825458727798106,80.04016951969642,Chengalpattu-Thiruporur Rd,Vandalism,02,2022,13,19,59,29.042885628677205
12.839524593544315,80.03312375514678,SRM Main Rd,Assault,02,2021,1,19,16,85.21314791959321
12.825482706420267,80.04601844374513,Potheri Main Rd,Assault,12,2020,18,13,44,44.605808633165736
12.826769633762835,80.04435731625004,Thiruvanchery Rd,Robbery,07,2022,24,20,14,80.06843232235886
12.8346916907748,80.04565942979764,Potheri Main Rd,Drug-related,01,2021,21,1,1,96.32561331676644
12.836190477193284,80.03522419505762,Chengalpattu-Thiruporur Rd,Drug-related,08,2021,28,1,40,65.3705572530638
12.826853491516621,80.05030195315304,Potheri Main Rd,Assault,06,2021,23,21,56,69.06954196766625
12.82357483192498,80.03966340643655,Potheri Main Rd,Assault,11,2020,14,8,59,3.9826953800704223
12.823865084312802,80.05095466667377,GST Rd,Robbery,05,2021,2,6,51,49.821157978008976
12.834532060446117,80.04879163579065,Potheri Main Rd,Theft,03,2020,27,18,52,77.48732558293825
12.825804405344572,80.04962677631715,SRM Main Rd,Vandalism,04,2020,27,10,31,21.600387336166214
12.830900282435802,80.04082014721557,Chengalpattu-Thiruporur Rd,Sexual assault,10,2021,12,23,47,19.91094527314945
12.820915340613281,80.03471469691691,GST Rd,Assault,03,2022,24,14,31,53.360825027966385
12.838044396080042,80.04481472479698,Chengalpattu-Thiruporur Rd,Vandalism,08,2021,19,10,1,69.59700359847604
12.82079655412735,80.04689391494546,Potheri Main Rd,Drug-related,08,2020,3,2,15,99.20770534556999
12.840230156942814,80.04879231310561,SRM Main Rd,Assault,08,2022,28,12,59,62.3290607287157
12.828518962543985,80.03538657897231,Thiruvanchery Rd,Vandalism,07,2021,11,1,33,49.57315124887005
12.83971238430826,80.04329704372289,GST Rd,Vandalism,11,2020,11,8,17,37.83156817771126
12.834760270687232,80.04217338424375,Thiruvanchery Rd,Theft,12,2021,4,5,51,0.4264980762406778
12.833119275846357,80.0512758827441,Potheri Main Rd,Drug-related,02,2020,2,22,42,64.08312001186586
12.831684038433924,80.03826750144687,Chengalpattu-Thiruporur Rd,Theft,04,2021,13,19,28,47.345964986081846
12.825218985759268,80.04759698138147,Potheri Main Rd,Assault,01,2020,19,2,51,76.65074646406576
12.83769016082583,80.03863636444389,Potheri Main Rd,Theft,09,2022,12,2,27,95.6053244405165
12.839348199435081,80.04819814024415,Potheri Main Rd,Drug-related,05,2022,18,18,13,7.920944397064778
12.839489890270665,80.03164440844199,Potheri Main Rd,Sexual assault,04,2021,25,10,55,82.91652042358383
12.83429734715391,80.0367640482884,GST Rd,Drug-related,08,2022,28,19,34,56.34406719917219
12.838394970554315,80.03239423759237,Potheri Main Rd,Robbery,12,2020,16,0,43,34.62561663741109
12.828366718455351,80.0451268661425,Thiruvanchery Rd,Sexual assault,04,2022,27,7,28,46.08351054359768
12.833824123278731,80.03660291658628,Chengalpattu-Thiruporur Rd,Vandalism,03,2022,5,23,34,27.16261566609188
12.832717091976953,80.0397577992986,SRM Main Rd,Robbery,12,2022,7,5,4,36.56826648130498
12.821589645284245,80.03257138431125,SRM Main Rd,Sexual assault,02,2022,12,6,19,25.966584411493322
12.821361237946046,80.0436564795065,Chengalpattu-Thiruporur Rd,Sexual assault,07,2022,28,18,53,79.08299553988358
12.820752578982761,80.03965225001112,Chengalpattu-Thiruporur Rd,Drug-related,03,2022,11,2,13,82.48122270330877
12.824315331100232,80.05090638186236,Potheri Main Rd,Vandalism,06,2022,12,22,34,89.31943144884562
12.835839685335456,80.04292796807854,Chengalpattu-Thiruporur Rd,Drug-related,06,2022,21,15,24,58.6332649111166
12.825448361296731,80.0455952305127,Chengalpattu-Thiruporur Rd,Drug-related,10,2020,23,12,13,62.63606874584301
12.835913352009946,80.04770837154891,Thiruvanchery Rd,Vandalism,08,2020,5,22,16,20.592641048887316
12.827573471201312,80.04613600207652,Chengalpattu-Thiruporur Rd,Assault,10,2020,6,9,40,0.4751553281297505
12.82818841283709,80.03282469113752,Chengalpattu-Thiruporur Rd,Vandalism,06,2020,7,18,37,27.07407983852309
12.825710814721038,80.04183116276614,GST Rd,Robbery,06,2022,19,23,29,91.39639665783275
12.824257223404995,80.03228278799091,GST Rd,Theft,10,2021,19,22,5,95.8561659141783
12.823898771884988,80.05056129083788,GST Rd,Vandalism,10,2022,28,7,8,96.88083503770173
12.834469203317187,80.0332881838391,SRM Main Rd,Drug-related,07,2020,22,21,58,45.15047445240468
12.82385709349543,80.04517799302698,Thiruvanchery Rd,Drug-related,02,2020,28,7,23,58.780295897797984
12.824734208978104,80.04015446538065,Chengalpattu-Thiruporur Rd,Sexual assault,03,2022,6,3,43,13.328579831060916
12.838223486660546,80.04770060306922,Chengalpattu-Thiruporur Rd,Drug-related,06,2020,23,5,40,36.78949084550253
12.822459663512063,80.03357299717361,Potheri Main Rd,Drug-related,05,2020,13,13,29,68.30973832141775
12.827700547811817,80.04670457765471,SRM Main Rd,Vandalism,06,2020,10,11,57,6.615658346532449
12.82885156401834,80.04087434272054,Chengalpattu-Thiruporur Rd,Sexual assault,08,2022,15,18,12,55.66342768492329
12.825795357336935,80.04566855381809,Chengalpattu-Thiruporur Rd,Assault,10,2020,20,8,3,94.45293210139218
12.82152896493328,80.04938281335102,SRM Main Rd,Theft,06,2022,15,19,20,96.3223625551707
12.827233169852772,80.03701140513084,Chengalpattu-Thiruporur Rd,Sexual assault,05,2021,26,15,49,48.608665143167926
12.829768412997726,80.04639431027587,SRM Main Rd,Vandalism,05,2021,11,23,25,57.8046032697147
12.827415068404084,80.0486636540446,SRM Main Rd,Drug-related,10,2022,4,5,33,27.904239736807856
12.828588928530866,80.03451301324148,Chengalpattu-Thiruporur Rd,Assault,12,2020,3,4,24,24.602007390191737
12.828601527791362,80.03539056643113,Potheri Main Rd,Robbery,11,2022,12,0,37,22.032226574923406
12.822241209942069,80.0406996329602,SRM Main Rd,Assault,06,2022,22,21,9,1.019096124054908
12.838503544873573,80.04712177788088,GST Rd,Drug-related,06,2020,4,21,21,91.10844589275115
12.820874002698767,80.0455957487826,GST Rd,Robbery,11,2020,23,18,59,64.31689377361491
12.828989717671625,80.04765274781884,Potheri Main Rd,Theft,07,2022,22,22,44,22.060653367710216
12.821730411563417,80.04852528731196,Chengalpattu-Thiruporur Rd,Sexual assault,04,2021,8,21,51,59.600551638510666
12.836021953551892,80.03576753967374,SRM Main Rd,Theft,07,2022,3,23,46,72.43563697593018
12.832713364453983,80.04358790628669,SRM Main Rd,Vandalism,02,2021,15,13,57,95.5599113274545
12.827787405992119,80.0468525285026,Potheri Main Rd,Assault,06,2022,25,5,32,67.17961098414692
12.826730560686288,80.04099274077757,SRM Main Rd,Sexual assault,02,2020,6,8,34,14.9924270147209
12.826004209280494,80.04692755672085,SRM Main Rd,Sexual assault,11,2021,3,6,42,63.950225343350596
12.837808495986572,80.0439724566965,GST Rd,Theft,05,2020,8,17,5,81.97141569252405
12.822663388780263,80.04064666420386,Thiruvanchery Rd,Drug-related,05,2020,11,5,28,9.758029272874047
12.836578350852456,80.03383250356546,Thiruvanchery Rd,Sexual assault,09,2022,1,12,28,67.8349475349515
12.833914167890029,80.03271124513121,GST Rd,Assault,07,2021,24,12,40,51.858481043810976
12.833710387268676,80.04717263138056,Potheri Main Rd,Drug-related,04,2020,19,13,13,1.6263275653457865
12.834132613316548,80.05101901685288,GST Rd,Robbery,07,2022,21,11,45,86.88021598949604
12.823700098460746,80.03323805239373,Thiruvanchery Rd,Sexual assault,08,2020,16,22,44,16.53824559406204
12.83244170268817,80.04329297505241,SRM Main Rd,Vandalism,09,2021,26,8,16,75.01833445332092
12.839804713569103,80.05016141225926,GST Rd,Vandalism,03,2021,9,1,56,68.45572049677405
12.839226260982873,80.03380189590139,GST Rd,Vandalism,06,2022,2,14,0,15.846595638412687
12.821731275197486,80.04340027733866,Potheri Main Rd,Vandalism,01,2022,28,5,32,82.83441397115979
12.827441595993996,80.04987965980699,Thiruvanchery Rd,Vandalism,10,2020,28,15,45,41.617418766607294
12.835212039109141,80.03975164548234,SRM Main Rd,Sexual assault,08,2022,1,9,49,99.25097023334098
12.840029976526845,80.04958324891855,Chengalpattu-Thiruporur Rd,Vandalism,12,2022,21,11,11,57.636289406740104
12.837040280458998,80.05129074611106,SRM Main Rd,Theft,08,2021,20,12,54,64.38334139137487
12.835083972344053,80.04905570271436,Chengalpattu-Thiruporur Rd,Drug-related,08,2022,25,4,23,24.154687597439526
12.826058492150988,80.04351090054237,SRM Main Rd,Assault,03,2022,22,13,57,50.37794813248837
12.821496829522568,80.04472785569266,Potheri Main Rd,Assault,09,2020,12,20,20,43.0410234088457
12.820988195963535,80.04092074779497,Chengalpattu-Thiruporur Rd,Robbery,06,2022,2,0,38,16.98122001621637
12.838937096134378,80.039965518194,Thiruvanchery Rd,Sexual assault,06,2020,28,23,3,90.45319560861721
12.8336584010703,80.0498514872856,Chengalpattu-Thiruporur Rd,Drug-related,06,2020,7,19,45,11.285034508807023
12.835007902466367,80.04314223514048,SRM Main Rd,Robbery,03,2022,19,17,30,17.111370257797674
12.82425124048395,80.03478479529223,SRM Main Rd,Drug-related,02,2020,18,19,47,16.937643055401676
12.833799473886229,80.0500879679777,Chengalpattu-Thiruporur Rd,Vandalism,01,2021,23,16,12,36.71164418193542
12.828824536900836,80.03531904547329,GST Rd,Vandalism,08,2021,24,2,23,68.13354700926016
12.827361464926645,80.04338654528974,SRM Main Rd,Vandalism,03,2022,7,7,26,35.72931614922534
12.822121993218152,80.0500768488381,GST Rd,Vandalism,04,2021,17,4,53,71.70212257009769
12.834585631705826,80.03983392564282,Thiruvanchery Rd,Theft,04,2020,10,3,23,82.16735150920942
12.838898617130681,80.03787537449841,Chengalpattu-Thiruporur Rd,Vandalism,08,2020,9,11,12,8.35828575360913
12.833369493493322,80.03539169403525,Potheri Main Rd,Vandalism,10,2021,23,21,40,83.78748262308963
12.833465121190255,80.03357054284311,SRM Main Rd,Sexual assault,07,2021,1,5,55,60.661093548592916
12.83787751712488,80.04653110200287,GST Rd,Assault,02,2021,12,6,55,2.47267061815738
12.835695233398118,80.03729846400232,Thiruvanchery Rd,Robbery,07,2021,25,6,34,29.131579413203024
12.831500313981714,80.04919659588184,SRM Main Rd,Robbery,09,2021,12,12,59,49.793440840200034
12.829174998581502,80.04114938994432,Potheri Main Rd,Theft,03,2021,2,12,29,22.206365463396804
12.823778035664093,80.0441872064368,GST Rd,Vandalism,10,2020,6,12,10,21.465918278230422
12.821600793274762,80.05019305634133,Potheri Main Rd,Sexual assault,07,2020,21,20,26,0.5350108500313033
12.836874946035548,80.05030202021905,Potheri Main Rd,Sexual assault,04,2022,22,19,27,60.184904433509686
12.822098978521849,80.04636046359919,SRM Main Rd,Sexual assault,01,2021,11,15,24,97.44535225253709
12.83697402168957,80.03898860438264,GST Rd,Assault,03,2022,21,23,32,37.32396243256613
12.836705216618551,80.04433500789978,Thiruvanchery Rd,Sexual assault,08,2021,23,1,24,46.67987474288038
12.83441218062597,80.04883270772041,Potheri Main Rd,Sexual assault,12,2022,3,1,14,31.656890612254184
12.821352932628118,80.03814623551874,Chengalpattu-Thiruporur Rd,Drug-related,01,2021,5,8,48,65.25766376828032
12.83856792925988,80.03542332500872,Thiruvanchery Rd,Theft,12,2022,28,5,53,80.18496552867205
12.83477171245994,80.04273444265232,Chengalpattu-Thiruporur Rd,Theft,07,2021,26,8,58,58.24331280413205
12.825885043298932,80.05050927717375,GST Rd,Robbery,09,2020,6,4,49,84.25683952086337
12.840267211127522,80.03892369080297,Thiruvanchery Rd,Theft,02,2020,18,21,44,2.049672317507778
12.821951850652136,80.03989525070257,GST Rd,Robbery,02,2022,23,18,50,18.15013088591234
12.832819332724787,80.04435290377366,GST Rd,Drug-related,08,2021,10,23,22,39.83351739141836
12.831582113996967,80.04410175482002,Potheri Main Rd,Vandalism,05,2022,16,20,6,13.806925798735703
12.832955015424776,80.04217792794711,Potheri Main Rd,Vandalism,11,2022,25,19,31,19.761648925105966
12.8392076460695,80.04509074214947,Chengalpattu-Thiruporur Rd,Theft,08,2020,18,3,36,41.499282263606986
12.834320725887832,80.03214715794496,SRM Main Rd,Theft,08,2022,20,3,55,99.04129010898687
12.839139216361943,80.03529543086587,GST Rd,Robbery,03,2020,16,18,29,36.73425448934974
12.829545761277645,80.04589185489257,Thiruvanchery Rd,Theft,08,2021,1,11,7,38.936283947510745
12.830077874932527,80.04498303895208,Thiruvanchery Rd,Drug-related,07,2022,20,15,14,22.031688202740895
12.82175006065992,80.03414385655728,Potheri Main Rd,Theft,08,2020,6,19,34,71.86919762753924
12.828864056423363,80.04730217764305,SRM Main Rd,Robbery,05,2020,16,21,20,41.09288999146721
12.828253114453087,80.04186325726857,Chengalpattu-Thiruporur Rd,Assault,09,2022,3,16,25,90.86924946351651
12.821423487813473,80.03703338448132,GST Rd,Robbery,06,2022,24,10,25,67.27230139938331
12.834298714523872,80.04396596508461,SRM Main Rd,Assault,01,2021,4,1,29,58.02153295154575
12.835541263500293,80.04049242257034,Potheri Main Rd,Vandalism,07,2020,22,2,20,90.42220384610819
12.840226507166014,80.04173836514518,Chengalpattu-Thiruporur Rd,Assault,11,2021,20,9,27,50.08716474281455
12.835978695064675,80.04016418107469,Potheri Main Rd,Drug-related,07,2022,1,0,56,54.46552236556232
12.826717561671877,80.04231011541528,Potheri Main Rd,Robbery,09,2020,10,21,21,89.11714216812818
12.830981340364744,80.03647348733482,GST Rd,Robbery,07,2022,9,1,12,46.24035551927788
12.826479452119678,80.03843829315306,Potheri Main Rd,Drug-related,05,2021,4,9,27,57.97611272289424
12.825186387979391,80.03551176077829,SRM Main Rd,Vandalism,12,2022,1,0,1,3.3136954272864783
12.835612710516864,80.0361797643569,Potheri Main Rd,Robbery,08,2022,13,23,26,47.27591055817214
12.839285458174679,80.03312893349366,GST Rd,Assault,10,2020,1,11,14,33.14247304936697
12.831569865532181,80.05012147114965,SRM Main Rd,Theft,11,2020,3,10,55,98.64170550029678
12.832081935333482,80.03881944688972,Potheri Main Rd,Vandalism,04,2021,14,10,30,5.598955856442577
12.839759275902777,80.04886392437005,Chengalpattu-Thiruporur Rd,Theft,06,2021,2,0,27,46.53139559993961
12.829233632692807,80.03574054776081,Chengalpattu-Thiruporur Rd,Theft,07,2022,13,19,0,2.0293778027507536
12.835926131951098,80.04246252872774,Thiruvanchery Rd,Sexual assault,09,2022,28,22,30,94.12409099259446
12.823118767935084,80.03582302900891,SRM Main Rd,Sexual assault,06,2022,20,12,33,58.425912929051215
12.836144134936696,80.04209439028611,GST Rd,Theft,11,2022,6,10,30,51.45168416617546
12.830092765063997,80.05034002862969,SRM Main Rd,Assault,08,2022,21,5,42,2.809904050244738
12.839311922325459,80.04012984703701,GST Rd,Drug-related,09,2022,14,9,51,8.534202483461817
12.820486030086972,80.04189490835928,Potheri Main Rd,Assault,03,2021,8,18,52,98.00109989905837
12.820953347230995,80.04499935791414,SRM Main Rd,Assault,03,2021,20,21,51,81.93878127607
12.83239724452725,80.042305324706,Thiruvanchery Rd,Robbery,01,2022,25,18,20,80.909876660753
12.827710697554117,80.0348596358558,Chengalpattu-Thiruporur Rd,Theft,03,2020,16,21,59,12.4406794669094
12.840231863487379,80.04263141979969,Chengalpattu-Thiruporur Rd,Robbery,01,2022,20,19,32,77.87389431021411
12.831993838962125,80.03411584810668,SRM Main Rd,Assault,01,2022,3,13,50,7.762299045651943
12.8365876562123,80.03765581487771,Potheri Main Rd,Drug-related,09,2020,1,0,28,8.140309345637696
12.823783596479771,80.04873257046249,Chengalpattu-Thiruporur Rd,Robbery,06,2021,6,7,53,87.61689400764986
12.827204866977874,80.03426303855161,SRM Main Rd,Vandalism,09,2022,4,17,55,22.342281906805685
12.820398325014603,80.03561746216943,Potheri Main Rd,Sexual assault,07,2021,17,22,55,37.9062090395797
